student_id,state,school_type,gender,age,class_level,distance_to_school_km,household_income_band,parent_education_level,num_siblings,part_time_work,has_scholarship,family_support,health_issues,attendance_rate_pct,term1_avg_score,term2_avg_score,term3_avg_score,overall_avg_score,extracurricular_involvement,risk_score_raw,dropout_risk_level
STU0001,Anambra,Private,Male,17,JSS3,1.1,Middle,Primary,2,No,No,Yes,No,91.3,60.1,60.9,55.4,58.8,Yes,7.7,Low
STU0002,Ogun,Public,Male,18,SS1,1.2,Low,Secondary,6,Yes,No,Yes,No,70.7,62.3,42.5,63.8,56.2,Yes,58.4,Medium
STU0003,Lagos,Public,Female,11,SS1,3.4,Low,Primary,4,No,No,No,No,80.7,49.7,45.8,43.0,46.2,Yes,55.3,Medium
STU0004,Borno,Private,Female,18,SS1,0.6,Low,Primary,0,No,No,Yes,No,81.1,68.4,66.4,47.7,60.8,No,25.0,Low
STU0005,Benue,Public,Male,17,SS3,1.6,Middle,Secondary,2,No,No,Yes,No,99.2,73.9,100.0,59.3,77.7,No,2.7,Low
STU0006,Oyo,Public,Female,14,SS3,5.4,Low,Primary,3,No,No,Yes,No,77.3,42.1,64.7,53.8,53.5,Yes,32.3,Low
STU0007,Oyo,Private,Male,16,JSS2,0.9,Middle,Primary,0,No,Yes,Yes,No,91.8,53.4,84.3,62.3,66.7,Yes,2.8,Low
STU0008,Katsina,Public,Male,10,SS1,1.5,Low,Primary,6,No,No,Yes,Yes,72.3,55.7,78.7,51.1,61.8,Yes,44.5,Medium
STU0009,Edo,Public,Female,16,SS1,5.1,Middle,Primary,7,No,No,Yes,No,83.7,62.8,77.4,57.9,66.0,No,10.0,Low
STU0010,Borno,Public,Male,16,SS1,2.2,Low,Secondary,1,No,No,Yes,No,78.5,81.9,66.2,55.0,67.7,No,26.9,Low
STU0011,Oyo,Public,Female,14,JSS1,1.9,High,Secondary,2,No,No,No,No,93.0,76.2,63.0,54.7,64.6,No,7.9,Low
STU0012,Kano,Public,Female,18,SS2,2.9,Low,None,7,No,No,No,No,70.2,31.6,40.8,24.6,32.3,Yes,63.1,Medium
STU0013,Enugu,Private,Male,17,SS3,2.9,Middle,Secondary,3,No,No,Yes,No,97.7,73.9,51.1,65.5,63.5,No,9.2,Low
STU0014,Imo,Private,Male,14,SS1,2.8,Low,Primary,1,No,No,Yes,No,70.3,56.7,45.3,62.9,55.0,No,43.4,Medium
STU0015,Lagos,Public,Female,16,SS2,3.8,Low,Primary,3,No,No,No,No,81.5,54.8,44.1,53.9,50.9,Yes,46.3,Medium
STU0016,Enugu,Public,Female,15,SS3,0.6,Middle,None,5,No,No,Yes,No,86.2,68.0,53.4,50.2,57.2,No,4.8,Low
STU0017,Benue,Private,Male,12,JSS2,2.5,Middle,Primary,6,No,No,Yes,No,87.0,61.8,58.0,66.5,62.1,Yes,15.2,Low
STU0018,Plateau,Private,Male,15,SS2,3.4,Middle,None,2,No,Yes,Yes,Yes,83.7,56.7,76.8,56.9,63.5,No,15.9,Low
STU0019,Lagos,Public,Male,15,JSS2,2.1,Middle,None,1,No,No,Yes,No,93.1,59.8,69.1,61.6,63.5,No,-0.4,Low
STU0020,Plateau,Public,Male,12,SS1,1.3,Middle,Secondary,4,Yes,No,Yes,Yes,71.8,50.0,56.0,61.7,55.9,Yes,47.0,Medium
STU0021,Kano,Public,Male,14,SS1,0.6,Low,Tertiary,0,No,No,Yes,No,73.6,55.3,59.8,77.1,64.1,No,32.5,Low
STU0022,Plateau,Private,Male,10,JSS1,2.2,Low,Secondary,4,No,No,Yes,No,89.2,64.3,59.8,84.1,69.4,No,30.0,Low
STU0023,Rivers,Public,Female,14,JSS3,6.0,Middle,Secondary,4,No,No,No,Yes,74.3,68.5,59.6,54.7,60.9,No,39.9,Medium
STU0024,Benue,Public,Female,11,JSS3,15.6,Low,None,7,No,No,Yes,No,74.9,34.5,61.7,48.3,48.2,Yes,69.4,High
STU0025,Anambra,Public,Female,16,JSS3,2.3,Low,Primary,5,Yes,No,Yes,No,73.6,64.8,47.4,51.5,54.6,Yes,52.2,Medium
STU0026,Enugu,Private,Male,14,SS2,9.3,Low,Tertiary,3,No,No,Yes,No,77.5,64.6,86.5,78.9,76.7,No,52.2,Medium
STU0027,Sokoto,Private,Female,17,SS3,1.2,Middle,Primary,1,No,No,Yes,No,88.7,44.2,77.1,43.9,55.1,Yes,14.1,Low
STU0028,Kaduna,Public,Female,17,JSS2,1.1,Middle,Secondary,7,No,No,No,No,89.7,40.0,69.7,54.0,54.6,No,32.4,Low
STU0029,Lagos,Public,Male,10,SS3,9.1,Low,Secondary,6,No,No,No,No,63.6,46.6,48.2,51.2,48.7,Yes,75.6,High
STU0030,Edo,Public,Male,11,JSS2,1.8,Low,Tertiary,0,No,No,No,No,87.3,68.8,75.0,50.7,64.8,Yes,36.4,Medium
STU0031,Edo,Private,Female,11,JSS2,8.7,Low,Primary,3,No,No,No,No,81.9,50.7,45.5,60.6,52.3,No,48.4,Medium
STU0032,Kano,Public,Male,12,JSS3,3.6,Low,Secondary,2,Yes,No,Yes,No,66.2,52.3,61.5,41.1,51.6,Yes,69.1,High
STU0033,Rivers,Private,Female,15,SS1,2.7,Low,None,1,No,No,Yes,No,81.8,45.4,54.6,72.1,57.4,Yes,32.0,Low
STU0034,Imo,Public,Female,16,SS3,0.7,Low,Secondary,2,Yes,No,No,No,67.4,33.6,43.1,56.6,44.4,Yes,55.7,Medium
STU0035,Sokoto,Private,Female,16,JSS2,1.9,Low,Primary,3,Yes,No,Yes,No,69.1,69.7,62.6,51.5,61.3,No,66.2,High
STU0036,Borno,Public,Female,11,SS1,1.9,Low,Secondary,0,Yes,No,Yes,No,82.8,54.9,53.6,48.4,52.3,No,43.8,Medium
STU0037,Anambra,Public,Male,13,SS2,3.5,High,Tertiary,2,No,No,Yes,No,94.3,76.8,94.2,89.0,86.7,Yes,2.6,Low
STU0038,Enugu,Public,Female,13,JSS1,3.8,Low,None,7,Yes,No,No,No,67.2,16.0,44.7,51.9,37.5,No,68.0,High
STU0039,Kano,Public,Female,10,SS1,0.9,Low,None,6,No,No,Yes,No,86.2,49.9,55.8,52.4,52.7,No,28.0,Low
STU0040,Sokoto,Private,Female,12,SS3,4.3,Low,Tertiary,1,No,No,Yes,No,81.0,87.8,65.1,70.6,74.5,No,37.0,Medium
STU0041,Imo,Public,Male,10,JSS1,0.7,Low,Secondary,7,No,No,No,No,74.0,47.6,55.7,62.1,55.1,No,47.3,Medium
STU0042,Enugu,Private,Male,16,SS2,4.9,Low,Primary,4,No,No,No,No,76.1,59.3,40.9,40.1,46.8,No,49.6,Medium
STU0043,Kano,Public,Male,13,JSS3,2.0,Low,Primary,2,No,No,Yes,No,87.7,45.4,56.8,54.0,52.1,No,22.0,Low
STU0044,Katsina,Public,Female,17,SS2,2.1,Middle,Secondary,0,No,No,No,No,85.9,45.9,53.6,54.4,51.3,No,38.1,Medium
STU0045,Kaduna,Public,Male,13,JSS1,0.9,Middle,Secondary,3,No,No,Yes,No,89.0,83.6,63.3,49.9,65.6,Yes,10.6,Low
STU0046,Enugu,Public,Male,15,JSS1,3.0,Low,Primary,0,No,No,Yes,Yes,65.8,52.8,53.4,44.0,50.1,No,58.3,Medium
STU0047,Delta,Private,Female,10,SS3,3.4,Low,Secondary,1,Yes,No,Yes,No,65.9,17.1,48.2,53.2,39.5,Yes,75.7,High
STU0048,Borno,Public,Female,10,JSS2,4.9,Low,Primary,4,Yes,No,Yes,No,66.5,72.7,47.5,53.2,57.8,No,45.8,Medium
STU0049,Edo,Public,Female,17,JSS3,6.7,Middle,Tertiary,3,No,No,Yes,No,86.0,64.7,77.7,74.5,72.3,Yes,20.6,Low
STU0050,Kano,Private,Male,13,SS2,2.1,Low,Tertiary,6,Yes,No,Yes,No,75.9,44.8,55.9,70.0,56.9,No,50.6,Medium
STU0051,Lagos,Public,Male,18,SS3,1.5,Low,Secondary,5,No,No,Yes,No,90.0,78.8,67.5,78.4,74.9,No,14.1,Low
STU0052,Kaduna,Public,Female,16,SS1,1.6,Low,None,6,No,No,Yes,No,83.2,36.5,41.1,46.6,41.4,Yes,41.5,Medium
STU0053,Delta,Public,Male,12,SS1,1.7,Low,Primary,7,No,No,Yes,No,86.2,58.7,58.4,46.7,54.6,Yes,18.2,Low
STU0054,Oyo,Public,Female,11,JSS3,2.0,Middle,Secondary,7,No,No,Yes,No,90.7,74.6,60.9,71.8,69.1,Yes,17.8,Low
STU0055,Kano,Public,Male,10,SS1,2.6,Low,Tertiary,6,Yes,No,No,No,70.0,59.6,49.6,48.4,52.5,No,78.9,High
STU0056,Sokoto,Private,Male,16,JSS2,2.7,High,Secondary,6,Yes,No,Yes,No,86.2,71.2,58.1,53.3,60.9,No,36.7,Medium
STU0057,Lagos,Public,Female,11,JSS3,2.5,Middle,Secondary,6,Yes,No,Yes,No,83.4,44.1,60.6,65.8,56.8,Yes,40.2,Medium
STU0058,Rivers,Public,Female,10,SS1,4.0,Low,Secondary,7,Yes,No,Yes,No,68.9,71.2,54.5,51.8,59.2,Yes,55.8,Medium
STU0059,Kano,Public,Female,18,SS2,0.7,Low,Tertiary,6,Yes,No,Yes,No,78.1,60.9,61.6,67.8,63.4,No,54.6,Medium
STU0060,Plateau,Public,Male,18,JSS2,5.8,Low,Primary,5,No,No,Yes,No,88.3,67.0,84.2,59.7,70.3,No,11.5,Low
STU0061,Lagos,Public,Female,15,JSS3,0.6,Middle,Secondary,3,No,No,No,No,89.6,67.9,47.6,56.2,57.2,No,9.0,Low
STU0062,Kaduna,Public,Female,14,SS3,0.8,Low,Secondary,0,Yes,No,Yes,No,67.7,72.1,60.6,62.5,65.1,No,55.8,Medium
STU0063,Benue,Private,Female,10,SS1,1.9,Low,Primary,4,No,No,Yes,No,81.9,59.9,69.5,48.2,59.2,Yes,31.8,Low
STU0064,Plateau,Public,Female,10,SS2,2.2,Middle,None,7,No,No,Yes,No,92.0,63.3,57.4,68.0,62.9,No,-2.6,Low
STU0065,Plateau,Private,Female,11,SS1,5.7,High,Primary,0,No,No,Yes,Yes,82.9,53.5,56.5,36.4,48.8,No,30.5,Low
STU0066,Ogun,Public,Female,12,JSS1,6.0,Low,Primary,4,Yes,No,No,No,72.7,43.5,40.6,33.8,39.3,Yes,91.3,High
STU0067,Borno,Private,Male,12,JSS2,2.1,Low,Secondary,6,No,No,Yes,No,92.4,43.3,72.2,63.5,59.7,No,17.5,Low
STU0068,Ogun,Public,Male,13,SS3,2.9,Low,Primary,6,No,No,Yes,No,73.8,75.2,50.7,56.9,60.9,No,35.3,Medium
STU0069,Delta,Public,Male,15,SS1,5.3,High,Secondary,0,No,No,Yes,No,98.2,78.9,66.9,68.4,71.4,Yes,-1.2,Low
STU0070,Plateau,Public,Male,15,SS1,1.3,Low,Tertiary,1,No,No,Yes,No,83.8,85.1,79.3,69.7,78.0,No,20.4,Low
STU0071,Benue,Private,Female,13,SS3,0.8,Low,Tertiary,3,No,No,No,No,89.2,58.4,79.3,71.7,69.8,No,15.9,Low
STU0072,Ogun,Public,Female,16,SS2,1.1,Low,None,5,No,No,No,No,85.1,34.3,50.2,38.5,41.0,Yes,49.2,Medium
STU0073,Lagos,Private,Male,14,SS3,2.4,Middle,Secondary,3,No,No,Yes,No,100.0,74.9,68.9,65.0,69.6,No,12.5,Low
STU0074,Anambra,Public,Male,15,JSS2,2.7,Low,Primary,4,No,No,Yes,No,84.7,53.9,51.7,57.1,54.2,Yes,40.0,Medium
STU0075,Edo,Public,Female,13,JSS1,2.2,Middle,Primary,0,No,No,Yes,No,79.9,73.2,49.0,48.1,56.8,No,7.1,Low
STU0076,Plateau,Public,Female,10,JSS1,10.9,Low,Secondary,0,Yes,No,Yes,No,57.1,46.5,69.5,51.6,55.9,No,79.1,High
STU0077,Imo,Public,Male,13,SS2,3.2,Low,None,3,Yes,No,Yes,No,79.8,55.4,41.9,21.1,39.5,No,62.7,Medium
STU0078,Benue,Public,Female,15,SS1,1.8,Low,None,7,No,No,Yes,No,85.4,48.4,59.5,61.7,56.5,No,17.6,Low
STU0079,Delta,Public,Female,10,JSS2,5.6,Middle,Tertiary,2,No,No,Yes,No,79.3,85.8,60.8,70.5,72.4,No,22.6,Low
STU0080,Katsina,Private,Male,18,SS2,5.6,Low,Secondary,3,No,No,No,No,75.8,65.2,48.7,51.5,55.1,Yes,40.0,Medium
STU0081,Imo,Public,Female,12,SS2,1.4,Low,Primary,0,Yes,Yes,Yes,No,79.1,62.4,85.9,53.8,67.4,No,45.6,Medium
STU0082,Imo,Public,Male,16,JSS3,11.4,Middle,Secondary,4,No,No,No,Yes,59.4,47.8,49.3,32.4,43.2,No,69.2,High
STU0083,Rivers,Public,Male,14,SS1,6.2,Low,Primary,2,No,No,Yes,No,71.8,55.5,57.2,56.8,56.5,Yes,50.7,Medium
STU0084,Plateau,Public,Female,13,SS1,2.1,Low,Tertiary,4,No,No,Yes,No,78.7,66.5,72.3,72.3,70.4,No,20.5,Low
STU0085,Plateau,Private,Female,14,JSS1,7.2,Low,Secondary,6,No,No,Yes,No,70.0,63.3,65.6,62.4,63.8,Yes,52.6,Medium
STU0086,Katsina,Public,Male,18,SS3,1.0,Low,Tertiary,4,No,No,Yes,No,93.6,78.4,85.6,79.3,81.1,No,14.4,Low
STU0087,Oyo,Public,Male,12,SS1,2.0,Low,Primary,6,Yes,No,Yes,No,72.2,33.5,51.3,55.4,46.7,No,52.9,Medium
STU0088,Enugu,Public,Female,15,JSS2,2.7,Middle,Secondary,7,No,No,No,No,76.6,45.8,56.8,35.0,45.9,No,27.9,Low
STU0089,Edo,Public,Female,12,SS1,2.3,High,Primary,7,Yes,No,No,No,71.6,41.5,45.9,29.9,39.1,No,68.4,High
STU0090,Oyo,Public,Female,10,SS1,2.2,Low,Primary,1,No,No,Yes,No,97.4,85.4,51.5,70.2,69.0,No,14.4,Low
STU0091,Enugu,Public,Female,10,JSS2,2.2,Low,Tertiary,7,No,No,Yes,No,79.3,79.3,75.6,68.7,74.5,No,14.6,Low
STU0092,Imo,Public,Female,13,SS3,1.1,Low,Primary,4,Yes,No,Yes,No,70.5,50.8,37.7,53.7,47.4,Yes,58.8,Medium
STU0093,Delta,Public,Female,12,JSS3,1.3,Middle,Primary,5,No,Yes,Yes,No,87.2,60.2,59.6,55.2,58.3,Yes,10.8,Low
STU0094,Oyo,Public,Female,14,JSS1,3.9,Middle,Primary,3,No,No,No,No,83.7,36.3,61.5,27.6,41.8,Yes,61.9,Medium
STU0095,Plateau,Private,Female,14,JSS2,5.5,Low,Primary,1,Yes,No,Yes,No,59.8,49.8,29.8,35.1,38.2,No,69.1,High
STU0096,Kaduna,Public,Female,13,JSS2,6.3,Low,Secondary,4,Yes,No,No,No,61.0,52.5,28.9,23.1,34.8,No,90.0,High
STU0097,Borno,Public,Female,16,SS2,4.0,Middle,Tertiary,6,No,No,No,No,82.4,63.2,67.5,70.9,67.2,No,7.6,Low
STU0098,Imo,Public,Male,12,SS1,1.2,Middle,Primary,4,No,No,Yes,No,91.8,62.2,52.4,61.6,58.7,Yes,11.3,Low
STU0099,Sokoto,Public,Female,10,JSS3,0.8,Low,Primary,0,No,Yes,No,No,87.9,72.5,61.0,58.4,64.0,No,26.6,Low
STU0100,Benue,Public,Male,17,JSS1,3.8,Low,Primary,5,Yes,No,Yes,No,63.8,34.0,56.4,40.6,43.7,No,78.1,High
STU0101,Kaduna,Private,Male,17,SS3,1.2,Middle,Secondary,7,Yes,No,No,No,76.1,39.9,40.1,50.2,43.4,No,62.7,Medium
STU0102,Delta,Private,Male,15,JSS3,7.7,Middle,Secondary,6,No,No,Yes,No,87.9,72.5,73.2,61.0,68.9,Yes,21.9,Low
STU0103,Katsina,Private,Male,14,JSS1,1.2,Middle,Secondary,0,No,No,Yes,No,92.6,71.4,74.9,77.4,74.6,No,6.8,Low
STU0104,Rivers,Private,Female,13,SS2,3.6,Middle,Tertiary,4,No,Yes,Yes,Yes,87.4,72.4,71.2,59.9,67.8,No,6.9,Low
STU0105,Plateau,Public,Female,16,SS2,2.8,Middle,None,5,No,No,No,No,90.6,41.0,55.9,52.3,49.7,No,17.8,Low
STU0106,Anambra,Private,Male,13,JSS2,5.6,Low,Tertiary,0,No,No,Yes,No,77.7,65.4,70.6,78.4,71.5,Yes,32.1,Low
STU0107,Sokoto,Private,Male,13,JSS1,0.6,Low,Primary,0,No,No,Yes,No,81.9,63.7,50.5,34.2,49.5,No,40.7,Medium
STU0108,Oyo,Public,Female,16,SS3,5.8,High,Tertiary,3,No,No,Yes,No,88.0,80.2,83.8,69.5,77.8,Yes,13.8,Low
STU0109,Rivers,Public,Female,15,JSS2,1.6,Low,Tertiary,0,No,Yes,Yes,No,83.8,63.8,56.5,62.8,61.0,No,26.4,Low
STU0110,Anambra,Public,Female,17,SS1,14.4,Low,Secondary,1,Yes,No,Yes,No,60.3,53.9,48.5,40.6,47.7,No,80.8,High
STU0111,Lagos,Public,Male,11,SS2,6.0,Low,Secondary,0,No,No,Yes,No,81.0,73.1,39.5,52.0,54.9,No,30.3,Low
STU0112,Benue,Public,Male,12,JSS2,1.3,Low,Secondary,6,No,No,No,No,79.0,43.7,57.0,67.2,56.0,No,44.2,Medium
STU0113,Kano,Public,Female,17,JSS3,6.1,Low,Primary,6,No,No,Yes,No,67.3,55.3,55.9,65.0,58.7,No,41.8,Medium
STU0114,Katsina,Private,Female,13,JSS2,3.8,Middle,Primary,4,No,No,No,No,90.5,46.0,45.3,52.4,47.9,Yes,35.4,Medium
STU0115,Oyo,Private,Female,12,SS3,3.0,Middle,Tertiary,7,No,No,Yes,No,91.0,65.9,67.6,77.2,70.2,Yes,14.4,Low
STU0116,Enugu,Public,Female,11,JSS1,2.0,Middle,Secondary,1,No,No,Yes,No,88.4,60.7,82.1,67.2,70.0,Yes,15.4,Low
STU0117,Delta,Public,Female,10,SS3,14.0,Middle,Secondary,2,Yes,No,Yes,No,67.4,43.3,50.1,45.4,46.3,No,61.7,Medium
STU0118,Kaduna,Public,Male,13,SS2,5.6,High,Tertiary,2,No,No,Yes,No,81.6,54.7,55.0,62.6,57.4,Yes,12.6,Low
STU0119,Rivers,Private,Female,13,JSS3,0.6,Low,Primary,5,Yes,No,Yes,No,76.8,56.8,40.3,59.5,52.2,No,57.9,Medium
STU0120,Ogun,Public,Male,13,SS2,0.5,Low,Primary,7,Yes,No,Yes,No,70.1,54.8,62.6,42.7,53.4,Yes,63.9,Medium
STU0121,Benue,Public,Male,10,SS2,1.6,Low,Primary,5,No,No,Yes,No,77.7,59.3,65.7,60.0,61.7,No,36.6,Medium
STU0122,Imo,Public,Female,18,SS1,1.2,Low,Primary,4,No,No,Yes,No,99.8,55.0,64.0,60.1,59.7,No,-7.8,Low
STU0123,Kano,Public,Male,10,JSS1,8.3,Low,Primary,1,Yes,No,Yes,No,62.5,24.9,49.1,31.2,35.1,Yes,86.0,High
STU0124,Enugu,Private,Male,17,SS3,1.9,Low,None,4,Yes,No,Yes,Yes,54.2,47.0,31.9,45.2,41.4,No,84.0,High
STU0125,Delta,Public,Male,12,SS2,1.1,Low,Tertiary,7,Yes,No,No,No,57.3,54.8,40.0,45.3,46.7,Yes,84.1,High
STU0126,Kano,Public,Female,10,SS3,1.0,Low,Primary,3,No,No,Yes,No,80.2,52.6,71.9,69.1,64.5,No,39.2,Medium
STU0127,Plateau,Public,Female,15,JSS3,1.2,Low,Primary,5,Yes,No,Yes,No,61.5,38.8,71.1,38.4,49.4,Yes,70.4,High
STU0128,Imo,Public,Female,15,JSS1,2.5,Middle,Secondary,2,Yes,No,No,No,66.1,37.3,28.6,62.8,42.9,No,58.2,Medium
STU0129,Anambra,Public,Female,18,JSS2,3.1,Low,Primary,1,Yes,No,Yes,No,63.8,41.8,45.6,42.5,43.3,No,68.9,High
STU0130,Ogun,Public,Male,14,SS3,3.5,Low,Tertiary,5,No,No,Yes,No,79.9,69.8,64.0,66.7,66.8,Yes,34.2,Low
STU0131,Enugu,Private,Male,12,JSS2,2.6,Low,Secondary,5,Yes,No,Yes,No,54.4,36.6,47.9,48.4,44.3,Yes,72.1,High
STU0132,Lagos,Public,Female,13,SS3,3.2,High,Secondary,4,No,No,Yes,No,93.5,60.6,61.3,64.8,62.2,Yes,4.6,Low
STU0133,Edo,Private,Female,10,JSS3,2.6,Middle,None,6,No,No,No,No,77.8,31.0,40.1,55.4,42.2,No,45.0,Medium
STU0134,Kaduna,Public,Male,14,JSS3,2.6,Middle,Primary,5,Yes,No,Yes,No,76.6,56.8,45.9,52.3,51.7,No,44.5,Medium
STU0135,Katsina,Public,Male,13,JSS2,5.5,Low,Primary,6,No,No,Yes,No,78.3,66.7,77.3,43.5,62.5,No,33.1,Low
STU0136,Imo,Public,Female,10,SS2,1.5,Middle,Primary,6,No,No,Yes,No,98.7,83.9,60.9,71.8,72.2,Yes,11.2,Low
STU0137,Ogun,Public,Female,18,JSS2,11.5,Low,Primary,6,No,No,No,Yes,66.6,28.7,43.9,42.5,38.4,No,78.8,High
STU0138,Kano,Public,Female,15,SS1,4.0,Low,Secondary,4,No,Yes,No,No,70.4,49.8,51.2,66.9,56.0,No,51.1,Medium
STU0139,Edo,Public,Female,17,SS2,1.7,Low,Primary,7,Yes,No,Yes,Yes,70.0,51.0,32.5,48.8,44.1,Yes,68.8,High
STU0140,Sokoto,Public,Male,13,SS3,4.5,Middle,None,5,No,No,Yes,No,78.8,43.3,54.0,53.6,50.3,No,33.9,Low
STU0141,Imo,Public,Female,18,JSS2,0.5,Middle,Primary,1,No,No,Yes,No,85.6,84.1,63.5,56.0,67.9,Yes,14.8,Low
STU0142,Kano,Public,Female,12,JSS2,2.2,Low,Tertiary,3,No,No,Yes,No,76.3,60.0,71.6,72.0,67.9,Yes,30.2,Low
STU0143,Benue,Private,Male,18,SS1,5.8,Low,None,3,No,No,Yes,No,78.2,64.2,55.0,42.8,54.0,No,40.8,Medium
STU0144,Oyo,Private,Female,18,JSS1,4.2,Middle,Secondary,3,No,No,Yes,No,79.4,76.3,70.6,72.3,73.1,Yes,11.0,Low
STU0145,Benue,Public,Male,14,SS1,0.7,Low,Primary,5,No,No,Yes,No,86.0,58.0,63.9,66.0,62.6,No,28.4,Low
STU0146,Oyo,Public,Male,13,JSS1,5.5,Low,Primary,6,No,No,Yes,No,77.3,63.5,61.7,51.3,58.8,Yes,31.2,Low
STU0147,Kaduna,Public,Male,16,JSS2,0.5,Low,Primary,2,No,No,No,No,87.0,52.0,33.7,56.1,47.3,Yes,42.8,Medium
STU0148,Kano,Public,Male,16,SS1,16.7,Middle,Secondary,6,No,No,Yes,No,74.5,59.8,54.3,53.2,55.8,Yes,34.9,Low
STU0149,Borno,Private,Male,12,SS2,4.0,Low,Tertiary,6,Yes,No,No,No,71.1,41.6,42.6,49.3,44.5,No,78.2,High
STU0150,Oyo,Public,Male,10,SS3,1.5,High,Secondary,4,No,No,Yes,No,94.5,71.6,83.5,65.1,73.4,No,-4.4,Low
STU0151,Enugu,Public,Female,10,SS2,3.1,Low,Tertiary,6,Yes,No,Yes,No,69.9,63.5,55.0,42.0,53.5,No,61.3,Medium
STU0152,Borno,Public,Female,11,JSS3,11.2,Middle,Primary,1,No,No,Yes,No,75.7,63.4,42.3,44.7,50.1,No,42.5,Medium
STU0153,Enugu,Private,Female,14,JSS1,9.6,Low,Primary,1,No,Yes,No,No,77.8,51.6,41.5,40.8,44.6,No,85.9,High
STU0154,Anambra,Public,Female,14,SS1,2.6,Low,None,1,Yes,No,Yes,No,61.4,55.0,27.8,32.1,38.3,No,74.4,High
STU0155,Oyo,Public,Male,18,JSS3,1.2,Low,None,1,No,No,Yes,No,72.1,67.9,59.2,44.2,57.1,Yes,45.4,Medium
STU0156,Borno,Private,Male,13,SS3,3.3,Middle,Tertiary,4,No,No,Yes,No,87.5,46.3,73.4,74.7,64.8,Yes,17.1,Low
STU0157,Kano,Private,Female,13,JSS2,3.2,Low,Tertiary,7,Yes,No,Yes,No,84.0,73.7,62.4,57.6,64.6,No,37.3,Medium
STU0158,Kaduna,Public,Male,15,JSS3,1.4,Middle,Tertiary,6,No,No,No,No,81.9,51.9,50.2,54.8,52.3,No,25.0,Low
STU0159,Oyo,Private,Female,14,SS3,2.2,Low,None,6,No,No,Yes,No,86.0,56.9,39.0,61.8,52.6,No,27.2,Low
STU0160,Lagos,Public,Male,10,SS1,4.7,High,Tertiary,7,No,No,Yes,No,91.3,69.5,82.1,68.0,73.2,No,7.9,Low
STU0161,Kaduna,Private,Male,16,JSS1,2.8,Low,Primary,3,No,No,Yes,Yes,64.8,48.9,60.3,56.2,55.1,No,68.4,High
STU0162,Enugu,Public,Female,12,SS3,7.9,High,Primary,0,No,No,Yes,No,86.5,70.6,65.2,64.9,66.9,No,7.5,Low
STU0163,Katsina,Private,Male,13,JSS2,3.3,Middle,None,5,No,No,Yes,No,94.4,56.9,43.5,62.8,54.4,Yes,10.2,Low
STU0164,Enugu,Public,Female,16,SS3,4.4,High,Secondary,6,No,No,No,No,81.5,54.0,50.6,56.2,53.6,No,33.6,Low
STU0165,Kano,Public,Male,10,JSS1,1.3,Low,Primary,0,No,No,Yes,No,85.3,48.9,57.4,50.4,52.2,No,23.4,Low
STU0166,Kano,Public,Female,12,SS3,2.6,Low,Secondary,7,No,No,Yes,No,81.6,62.2,66.1,79.0,69.1,No,34.4,Low
STU0167,Edo,Public,Male,16,SS1,11.6,Low,Secondary,3,No,No,Yes,No,72.1,82.0,51.6,70.7,68.1,No,46.5,Medium
STU0168,Delta,Private,Female,17,JSS3,4.4,Low,Secondary,1,No,No,Yes,No,81.9,56.6,56.5,53.3,55.5,Yes,26.8,Low
STU0169,Plateau,Public,Female,10,JSS2,11.1,Middle,None,1,No,No,Yes,No,76.9,65.9,34.9,51.6,50.8,No,44.9,Medium
STU0170,Lagos,Private,Female,18,JSS3,9.1,Low,Tertiary,4,No,No,Yes,No,70.5,74.7,55.3,48.3,59.4,No,28.0,Low
STU0171,Kaduna,Private,Female,15,JSS2,1.3,Middle,Secondary,5,No,Yes,Yes,No,92.1,68.2,88.5,59.8,72.2,Yes,5.9,Low
STU0172,Kaduna,Private,Female,11,SS2,4.5,Middle,Tertiary,2,No,Yes,No,No,80.4,47.7,66.4,59.2,57.8,No,32.2,Low
STU0173,Plateau,Public,Female,13,SS2,1.6,Middle,Primary,7,No,No,Yes,No,81.8,58.5,61.6,64.8,61.6,No,21.0,Low
STU0174,Sokoto,Public,Male,14,SS2,2.2,Low,Secondary,7,Yes,No,Yes,No,74.2,56.8,72.2,50.9,60.0,Yes,53.4,Medium
STU0175,Edo,Public,Female,16,JSS1,1.4,Low,Primary,6,No,No,No,No,81.7,52.0,38.9,63.5,51.5,No,37.4,Medium
STU0176,Plateau,Private,Female,10,SS2,2.5,Low,Tertiary,7,No,No,Yes,No,75.9,68.7,52.8,63.3,61.6,No,33.3,Low
STU0177,Sokoto,Public,Male,14,SS2,8.0,Low,Secondary,5,No,No,No,No,70.9,62.8,60.5,42.3,55.2,No,57.1,Medium
STU0178,Plateau,Public,Male,18,SS2,1.3,Middle,Tertiary,7,Yes,No,Yes,No,76.8,64.2,73.4,60.3,66.0,No,39.8,Medium
STU0179,Enugu,Public,Female,12,SS2,2.1,Low,Primary,2,No,No,Yes,Yes,78.2,55.1,67.2,51.1,57.8,No,50.6,Medium
STU0180,Kano,Private,Male,13,JSS1,5.8,Middle,Secondary,4,No,No,No,Yes,64.3,54.9,38.1,62.0,51.7,Yes,48.6,Medium
STU0181,Enugu,Private,Male,14,JSS3,3.5,Middle,Tertiary,5,No,No,Yes,No,96.4,57.9,78.4,61.2,65.8,No,9.2,Low
STU0182,Delta,Public,Male,11,JSS2,2.6,Low,Primary,5,No,No,Yes,No,86.1,61.6,64.4,46.1,57.4,Yes,19.5,Low
STU0183,Borno,Public,Male,16,SS1,6.4,Low,Secondary,3,No,No,No,No,69.1,54.5,47.0,33.1,44.9,Yes,70.5,High
STU0184,Imo,Public,Female,11,SS3,1.3,Middle,Primary,7,No,No,No,No,84.3,44.6,54.7,40.2,46.5,Yes,35.0,Low
STU0185,Oyo,Private,Male,12,JSS3,0.6,High,Primary,4,No,No,No,No,88.2,50.3,47.3,43.3,47.0,Yes,21.2,Low
STU0186,Anambra,Private,Male,12,JSS2,2.3,High,Primary,2,No,No,No,No,94.2,44.5,67.0,55.7,55.7,No,7.3,Low
STU0187,Ogun,Public,Female,14,SS2,4.2,High,Tertiary,0,No,No,Yes,No,87.8,83.1,73.5,77.0,77.9,Yes,15.8,Low
STU0188,Enugu,Public,Male,16,JSS1,4.8,Middle,Primary,5,No,No,No,Yes,74.0,43.9,32.0,62.7,46.2,No,48.6,Medium
STU0189,Edo,Public,Female,11,SS2,9.4,Middle,Primary,1,No,No,Yes,No,82.9,66.1,65.9,46.0,59.3,No,27.0,Low
STU0190,Benue,Public,Male,12,JSS1,4.6,Low,Primary,6,No,No,No,Yes,66.9,38.0,40.2,39.1,39.1,Yes,68.2,High
STU0191,Edo,Public,Male,11,SS1,1.1,Low,None,4,No,No,Yes,No,87.0,44.0,50.7,65.1,53.3,Yes,34.7,Low
STU0192,Ogun,Public,Female,17,JSS2,0.5,Low,Primary,3,No,No,Yes,No,93.5,50.6,38.3,65.9,51.6,No,36.1,Medium
STU0193,Benue,Public,Female,10,SS2,0.6,Middle,Tertiary,4,No,No,Yes,No,88.8,83.2,69.1,81.4,77.9,Yes,23.1,Low
STU0194,Ogun,Private,Male,10,JSS1,3.5,Low,Secondary,1,No,No,No,No,74.5,43.0,60.4,52.2,51.9,No,48.5,Medium
STU0195,Enugu,Private,Female,15,SS2,1.0,High,Secondary,5,No,No,No,No,92.0,74.2,81.7,78.6,78.2,No,21.4,Low
STU0196,Borno,Private,Female,10,SS1,2.0,Low,Secondary,0,Yes,No,No,No,74.0,52.7,46.5,47.9,49.0,Yes,77.7,High
STU0197,Edo,Private,Female,15,JSS2,25.0,Low,Secondary,7,Yes,No,Yes,No,38.2,49.7,38.3,61.4,49.8,No,111.2,High
STU0198,Ogun,Public,Female,15,JSS1,5.4,High,Secondary,7,No,Yes,Yes,No,83.6,53.8,75.5,62.8,64.0,No,10.0,Low
STU0199,Ogun,Public,Male,10,JSS3,7.3,Low,Secondary,7,No,No,Yes,Yes,69.6,73.1,51.9,65.6,63.5,Yes,53.2,Medium
STU0200,Edo,Public,Female,17,JSS3,10.8,Low,Tertiary,2,No,No,No,No,69.3,75.4,50.2,33.4,53.0,No,64.5,Medium
STU0201,Rivers,Public,Male,17,SS3,0.8,Low,Tertiary,7,No,No,Yes,No,77.5,71.9,67.3,71.7,70.3,No,29.4,Low
STU0202,Borno,Private,Female,12,JSS2,5.5,High,Tertiary,7,No,No,No,No,74.2,65.0,61.2,68.4,64.9,Yes,30.0,Low
STU0203,Katsina,Public,Male,18,SS3,3.7,Middle,Tertiary,3,No,No,Yes,No,87.6,53.9,79.2,54.2,62.4,No,21.4,Low
STU0204,Katsina,Public,Male,11,SS1,3.1,Low,Tertiary,7,No,No,Yes,Yes,74.2,72.4,71.8,67.5,70.6,No,34.4,Low
STU0205,Benue,Public,Female,14,SS2,5.2,Low,Secondary,3,No,No,Yes,No,83.3,72.8,48.2,66.7,62.6,No,23.6,Low
STU0206,Kano,Public,Female,10,JSS1,3.8,Low,Primary,0,Yes,No,No,No,68.4,32.8,40.9,36.5,36.7,Yes,78.1,High
STU0207,Enugu,Public,Female,15,SS2,1.0,Middle,Primary,6,No,No,Yes,No,92.0,66.4,55.9,60.3,60.9,No,-1.2,Low
STU0208,Katsina,Public,Female,18,JSS1,2.4,Middle,None,6,No,No,Yes,No,87.5,44.1,62.1,58.5,54.9,Yes,18.6,Low
STU0209,Benue,Public,Male,11,JSS3,2.4,Low,Primary,1,No,No,Yes,No,79.6,58.2,57.6,40.4,52.1,No,34.3,Low
STU0210,Imo,Private,Male,11,SS2,9.2,Middle,Tertiary,1,No,No,Yes,No,78.1,57.4,46.9,70.1,58.1,Yes,34.6,Low
STU0211,Benue,Private,Female,13,SS1,2.5,Middle,Secondary,6,No,No,Yes,No,87.9,65.7,80.6,57.6,68.0,Yes,21.2,Low
STU0212,Enugu,Public,Female,12,JSS3,2.7,High,Primary,1,No,No,Yes,No,95.5,56.0,51.9,38.7,48.9,Yes,25.2,Low
STU0213,Plateau,Public,Male,18,JSS1,6.2,Middle,Primary,0,No,No,Yes,No,88.1,57.0,58.2,66.0,60.4,Yes,16.3,Low
STU0214,Kano,Private,Male,15,JSS2,1.5,Middle,Primary,1,No,No,No,No,82.2,58.0,37.3,51.3,48.9,Yes,32.0,Low
STU0215,Ogun,Public,Female,10,SS1,1.6,Low,Primary,7,No,No,Yes,No,87.3,52.6,59.2,51.7,54.5,No,18.8,Low
STU0216,Ogun,Public,Male,14,JSS2,1.1,Middle,Secondary,3,No,No,Yes,No,81.0,68.0,59.2,44.3,57.2,No,27.6,Low
STU0217,Delta,Public,Male,15,SS1,1.0,Low,Primary,2,Yes,No,Yes,No,77.8,56.2,38.9,45.7,46.9,No,67.5,High
STU0218,Plateau,Private,Male,18,JSS2,13.7,Low,Tertiary,5,Yes,No,Yes,No,51.1,36.8,32.0,67.0,45.3,No,100.6,High
STU0219,Katsina,Public,Male,17,JSS3,5.8,Middle,Secondary,1,No,No,Yes,No,88.9,55.8,72.5,71.2,66.5,No,8.9,Low
STU0220,Delta,Private,Male,12,JSS3,3.7,Low,Secondary,1,No,Yes,Yes,No,81.0,74.9,66.5,77.7,73.0,No,19.9,Low
STU0221,Imo,Public,Female,15,SS2,0.9,Low,Secondary,7,Yes,No,No,No,65.1,42.3,39.7,37.3,39.8,Yes,72.7,High
STU0222,Edo,Private,Female,11,JSS3,0.7,Middle,Tertiary,3,No,No,Yes,No,100.0,88.9,77.4,77.4,81.2,No,-2.1,Low
STU0223,Enugu,Public,Female,13,SS2,18.7,Middle,Secondary,7,No,No,Yes,No,66.1,51.8,69.8,71.2,64.3,No,54.8,Medium
STU0224,Ogun,Public,Female,10,SS1,4.2,Middle,Tertiary,4,No,No,Yes,No,79.9,75.6,49.7,81.0,68.8,Yes,23.3,Low
STU0225,Kano,Public,Female,18,JSS3,1.0,Low,Secondary,7,Yes,No,Yes,No,79.6,61.0,44.5,44.9,50.1,No,61.7,Medium
STU0226,Plateau,Public,Male,12,JSS3,3.5,Middle,None,3,No,No,Yes,No,95.0,47.2,62.5,77.9,62.5,No,-0.8,Low
STU0227,Rivers,Public,Female,12,JSS2,3.2,Low,Secondary,3,No,No,No,No,78.8,51.5,34.8,53.1,46.5,Yes,64.0,Medium
STU0228,Edo,Private,Female,13,JSS3,4.1,Middle,Primary,4,No,No,No,No,89.0,51.4,56.9,52.1,53.5,No,27.8,Low
STU0229,Plateau,Public,Male,15,SS1,4.4,Middle,Tertiary,1,No,No,Yes,No,89.7,73.9,66.2,69.5,69.9,Yes,2.8,Low
STU0230,Ogun,Public,Male,13,SS3,8.0,Low,None,2,Yes,No,Yes,No,64.3,32.5,18.8,56.1,35.8,Yes,78.2,High
STU0231,Lagos,Public,Female,16,JSS1,7.6,Low,None,0,Yes,No,Yes,No,77.6,58.8,48.0,55.2,54.0,Yes,57.5,Medium
STU0232,Delta,Public,Female,18,SS3,1.0,Low,Primary,6,No,No,Yes,No,92.2,58.7,41.3,45.7,48.6,Yes,27.0,Low
STU0233,Kano,Public,Female,11,SS1,4.5,Low,Primary,6,No,No,Yes,No,79.4,52.6,82.9,60.9,65.5,No,30.4,Low
STU0234,Kaduna,Private,Female,16,JSS3,6.4,High,None,0,No,No,Yes,Yes,92.2,56.2,43.5,59.7,53.1,No,25.5,Low
STU0235,Imo,Private,Female,11,JSS3,0.7,Low,Secondary,1,No,No,No,No,82.4,53.6,76.3,61.5,63.8,Yes,43.2,Medium
STU0236,Plateau,Private,Male,14,SS2,4.3,Low,Primary,6,No,Yes,Yes,No,91.9,71.5,50.4,74.2,65.4,No,18.1,Low
STU0237,Rivers,Public,Male,13,JSS2,0.6,Low,None,7,No,No,No,No,80.4,30.5,38.8,43.2,37.5,No,50.2,Medium
STU0238,Sokoto,Private,Male,18,JSS1,4.6,Low,None,4,No,No,Yes,No,84.9,67.0,68.3,50.4,61.9,No,6.4,Low
STU0239,Oyo,Public,Female,18,SS3,3.7,Low,Tertiary,7,No,No,Yes,No,81.8,65.1,73.4,54.9,64.5,Yes,38.3,Medium
STU0240,Plateau,Public,Male,12,JSS3,7.8,High,Primary,5,No,No,Yes,No,82.4,56.9,58.0,61.9,58.9,Yes,18.8,Low
STU0241,Edo,Public,Male,13,SS1,4.6,Middle,None,1,No,No,Yes,No,82.9,55.8,66.6,59.1,60.5,No,5.2,Low
STU0242,Kaduna,Private,Male,16,SS3,4.7,Low,Secondary,7,Yes,No,Yes,No,79.1,83.1,42.9,41.5,55.8,No,53.6,Medium
STU0243,Benue,Public,Male,13,JSS2,5.3,Middle,Primary,0,No,No,Yes,No,83.8,53.0,76.2,42.3,57.2,No,6.3,Low
STU0244,Enugu,Public,Male,11,SS3,2.7,High,Primary,7,Yes,No,Yes,No,79.8,59.2,37.7,49.2,48.7,Yes,30.1,Low
STU0245,Kano,Private,Female,12,SS2,1.7,Middle,Secondary,0,No,No,Yes,No,85.2,54.9,85.8,76.9,72.5,No,8.9,Low
STU0246,Anambra,Private,Female,18,SS3,2.3,Low,Primary,0,No,No,No,No,78.7,37.0,37.2,51.9,42.0,No,38.0,Medium
STU0247,Kaduna,Public,Female,13,JSS2,1.7,High,Secondary,7,No,No,Yes,No,82.3,54.0,83.7,63.9,67.2,No,27.0,Low
STU0248,Kaduna,Private,Female,12,JSS2,1.1,Middle,Primary,3,No,No,Yes,No,93.7,48.8,65.1,40.8,51.6,No,13.6,Low
STU0249,Enugu,Public,Male,15,JSS3,1.3,Low,Primary,7,No,No,No,No,75.3,50.2,57.5,57.9,55.2,Yes,46.3,Medium
STU0250,Enugu,Public,Female,13,JSS2,9.6,Low,Secondary,6,No,No,Yes,No,75.1,63.5,64.7,60.1,62.8,No,23.4,Low
STU0251,Borno,Public,Female,12,JSS2,2.6,Low,None,7,Yes,No,No,No,64.3,35.6,41.5,39.0,38.7,No,88.7,High
STU0252,Enugu,Public,Male,10,JSS3,2.2,Low,Tertiary,0,No,No,Yes,No,80.4,52.5,75.9,82.4,70.3,No,28.5,Low
STU0253,Rivers,Public,Female,13,JSS3,9.4,Low,Secondary,6,No,No,Yes,No,75.1,63.9,47.2,68.0,59.7,Yes,39.0,Medium
STU0254,Benue,Private,Male,13,SS3,2.1,Low,Tertiary,3,No,No,Yes,No,84.5,64.6,69.0,63.3,65.6,No,6.3,Low
STU0255,Sokoto,Public,Male,14,SS1,8.4,Low,Tertiary,1,No,No,Yes,No,76.3,85.0,76.4,49.7,70.4,No,44.4,Medium
STU0256,Katsina,Public,Male,14,JSS1,3.3,Middle,None,5,No,No,Yes,No,87.6,57.9,52.5,53.2,54.5,Yes,24.1,Low
STU0257,Oyo,Public,Male,10,JSS3,0.6,Middle,None,5,Yes,No,No,No,70.1,36.4,49.9,29.0,38.4,No,69.3,High
STU0258,Kano,Private,Male,11,SS3,2.8,Low,Tertiary,1,No,No,No,No,77.9,69.3,55.2,59.6,61.4,No,26.4,Low
STU0259,Imo,Public,Male,15,JSS3,0.5,Low,Tertiary,0,No,No,Yes,No,80.4,68.8,62.7,55.4,62.3,No,30.2,Low
STU0260,Lagos,Private,Female,16,JSS2,4.4,High,Primary,6,No,No,Yes,No,100.0,69.6,59.1,54.7,61.1,No,4.2,Low
STU0261,Delta,Private,Female,15,SS1,5.6,Low,Secondary,1,No,Yes,No,No,74.4,80.7,51.4,69.6,67.2,No,38.0,Medium
STU0262,Lagos,Public,Female,18,SS3,3.3,Middle,Primary,5,No,No,Yes,No,92.1,55.2,52.7,68.0,58.6,Yes,14.5,Low
STU0263,Kaduna,Public,Male,10,JSS2,2.8,Low,Secondary,4,Yes,No,Yes,No,71.6,63.4,41.3,41.7,48.8,No,54.0,Medium
STU0264,Kano,Public,Male,10,SS3,4.3,Low,Tertiary,2,No,No,Yes,No,77.9,64.1,73.4,81.1,72.9,Yes,32.2,Low
STU0265,Oyo,Public,Male,16,JSS1,3.5,Low,None,2,Yes,No,Yes,No,65.9,40.2,31.2,40.4,37.3,Yes,79.2,High
STU0266,Anambra,Public,Female,10,SS2,9.2,Low,Primary,1,Yes,No,Yes,Yes,64.8,73.2,46.1,38.2,52.5,Yes,76.9,High
STU0267,Delta,Public,Male,13,JSS3,1.6,Low,Secondary,0,Yes,No,Yes,No,80.3,61.8,51.4,66.5,59.9,No,40.9,Medium
STU0268,Oyo,Private,Female,13,SS3,2.3,Middle,Tertiary,0,Yes,Yes,Yes,No,83.5,91.6,61.2,88.0,80.3,Yes,29.6,Low
STU0269,Borno,Public,Male,18,JSS1,12.5,Low,Primary,4,Yes,No,No,No,54.5,38.3,47.2,40.9,42.1,No,76.3,High
STU0270,Benue,Public,Male,16,SS2,5.2,Low,None,3,No,No,Yes,No,81.8,55.0,57.3,64.9,59.1,Yes,20.6,Low
STU0271,Katsina,Public,Female,13,SS1,2.3,Middle,Secondary,6,No,No,Yes,No,88.1,59.8,54.0,73.8,62.5,No,19.1,Low
STU0272,Sokoto,Public,Male,10,SS3,6.8,Low,Secondary,5,No,No,Yes,No,81.6,67.6,65.0,45.4,59.3,Yes,34.1,Low
STU0273,Borno,Public,Male,12,SS3,1.2,Low,None,1,Yes,No,No,No,67.1,34.5,19.5,35.0,29.7,No,98.7,High
STU0274,Sokoto,Public,Female,14,JSS3,1.5,Middle,Tertiary,3,Yes,No,Yes,No,88.2,71.1,48.6,70.1,63.3,No,25.3,Low
STU0275,Anambra,Public,Female,15,SS3,1.9,Low,Secondary,6,Yes,Yes,Yes,Yes,70.0,46.3,47.0,51.0,48.1,Yes,56.8,Medium
STU0276,Kano,Public,Male,18,SS1,3.5,Middle,None,2,No,No,Yes,No,72.3,54.9,67.6,46.8,56.4,No,23.9,Low
STU0277,Rivers,Public,Female,17,JSS2,1.4,Middle,Tertiary,6,No,No,No,No,95.1,73.1,72.7,48.9,64.9,No,26.5,Low
STU0278,Enugu,Public,Female,14,JSS2,3.3,Low,Primary,1,No,No,Yes,No,80.7,65.0,85.1,55.0,68.4,No,33.2,Low
STU0279,Kano,Public,Male,17,JSS2,5.3,Low,None,0,Yes,No,Yes,No,61.5,44.5,30.4,32.9,35.9,No,89.3,High
STU0280,Imo,Public,Female,15,SS2,3.9,Low,Primary,4,No,No,Yes,No,87.5,56.4,64.1,57.0,59.2,No,28.1,Low
STU0281,Benue,Public,Male,18,JSS2,1.8,Low,Primary,0,Yes,No,No,No,64.9,38.1,37.1,38.6,37.9,Yes,82.8,High
STU0282,Lagos,Public,Male,12,SS2,5.2,Low,Secondary,4,Yes,No,Yes,No,68.6,43.7,35.7,58.3,45.9,No,58.1,Medium
STU0283,Kaduna,Public,Male,18,SS3,2.3,Low,Secondary,0,Yes,No,Yes,No,65.9,43.1,66.4,39.2,49.6,Yes,80.2,High
STU0284,Borno,Public,Female,13,SS3,3.0,Middle,Primary,1,No,No,No,No,88.5,42.5,60.6,60.3,54.5,No,25.5,Low
STU0285,Borno,Public,Male,13,SS2,2.8,High,Primary,2,No,No,No,No,87.4,42.9,59.2,46.2,49.4,Yes,31.8,Low
STU0286,Imo,Private,Female,14,SS2,7.3,Low,Secondary,5,No,No,Yes,No,84.5,76.7,59.9,63.1,66.6,Yes,28.2,Low
STU0287,Anambra,Private,Female,15,JSS2,3.1,Low,Secondary,0,No,No,Yes,Yes,73.0,50.2,47.2,78.6,58.7,Yes,47.0,Medium
STU0288,Plateau,Private,Female,15,JSS2,2.8,High,Secondary,3,No,No,Yes,No,93.5,70.9,56.6,56.6,61.4,No,0.3,Low
STU0289,Lagos,Public,Female,12,SS2,2.5,Low,Primary,5,Yes,Yes,Yes,No,81.2,53.8,40.6,47.7,47.4,Yes,58.2,Medium
STU0290,Rivers,Private,Male,13,SS3,3.2,Middle,None,5,No,No,No,No,90.9,67.4,69.4,33.8,56.9,No,18.5,Low
STU0291,Kaduna,Public,Female,18,SS2,1.7,Low,None,1,No,No,Yes,No,80.8,42.7,44.5,32.9,40.0,No,56.3,Medium
STU0292,Enugu,Private,Male,13,SS1,3.0,Low,Primary,6,Yes,No,Yes,No,69.2,57.7,60.0,42.4,53.4,No,64.6,Medium
STU0293,Imo,Public,Male,11,SS1,3.5,Low,Primary,0,Yes,No,No,No,68.7,34.9,36.2,40.7,37.3,Yes,97.7,High
STU0294,Anambra,Public,Male,16,SS3,2.0,Low,Primary,0,Yes,No,Yes,Yes,64.4,47.1,61.2,45.5,51.3,No,83.7,High
STU0295,Lagos,Public,Female,12,JSS1,4.5,Middle,None,5,No,No,Yes,No,92.8,63.9,40.0,48.8,50.9,No,11.3,Low
STU0296,Plateau,Public,Female,16,JSS1,0.8,Low,Tertiary,7,Yes,No,Yes,No,74.2,55.9,48.3,62.7,55.6,No,51.8,Medium
STU0297,Rivers,Public,Male,12,SS3,5.8,Low,Secondary,3,No,Yes,Yes,No,82.5,55.9,61.4,61.4,59.6,No,21.9,Low
STU0298,Rivers,Public,Female,17,SS1,0.7,High,Tertiary,0,No,No,No,No,88.2,66.8,77.2,58.6,67.5,Yes,5.0,Low
STU0299,Delta,Private,Male,13,JSS2,1.4,Low,None,6,Yes,No,Yes,No,71.0,38.2,25.6,47.4,37.1,No,66.5,High
STU0300,Ogun,Private,Female,13,SS3,6.8,Low,Secondary,4,No,No,No,No,67.3,49.3,59.5,36.9,48.6,No,54.8,Medium
STU0301,Edo,Private,Male,15,SS3,3.1,Low,Tertiary,0,Yes,No,Yes,No,74.2,74.8,70.7,44.6,63.4,Yes,58.1,Medium
STU0302,Delta,Public,Male,11,SS1,3.0,High,Secondary,2,No,No,Yes,No,90.9,70.8,64.9,73.2,69.6,No,14.7,Low
STU0303,Ogun,Public,Female,11,JSS3,3.2,Middle,Secondary,3,No,No,Yes,Yes,87.0,61.6,61.5,82.7,68.6,Yes,11.8,Low
STU0304,Plateau,Private,Female,13,SS1,13.1,Low,None,0,No,No,No,No,50.6,22.8,43.5,29.8,32.0,No,91.6,High
STU0305,Katsina,Public,Male,13,JSS3,14.8,Middle,Tertiary,2,Yes,No,No,No,65.8,46.1,44.4,51.8,47.4,No,74.0,High
STU0306,Sokoto,Public,Male,15,SS3,1.2,Low,Primary,5,No,No,Yes,No,90.8,59.9,58.3,58.9,59.0,Yes,24.0,Low
STU0307,Edo,Public,Male,14,SS2,1.7,Middle,Secondary,1,Yes,No,No,No,66.3,47.6,60.6,53.4,53.9,No,66.3,High
STU0308,Edo,Public,Female,10,SS1,0.6,Low,Primary,4,No,No,Yes,No,87.4,60.0,43.4,62.5,55.3,No,21.0,Low
STU0309,Katsina,Public,Male,12,JSS1,4.5,Low,Primary,2,No,No,No,No,65.1,39.6,39.4,43.2,40.7,No,72.4,High
STU0310,Katsina,Private,Female,13,SS2,2.7,Low,Secondary,2,Yes,No,Yes,No,62.4,65.2,47.0,38.2,50.1,Yes,73.3,High
STU0311,Oyo,Public,Female,11,SS2,3.2,Low,Secondary,4,Yes,Yes,Yes,No,67.9,45.1,45.0,55.9,48.7,No,57.1,Medium
STU0312,Katsina,Public,Male,12,JSS1,8.1,Low,None,1,Yes,No,No,No,55.9,18.9,47.8,9.1,25.3,No,102.1,High
STU0313,Borno,Public,Male,14,JSS1,1.5,Middle,Secondary,3,No,No,Yes,No,82.3,53.7,70.0,73.0,65.6,Yes,9.9,Low
STU0314,Anambra,Public,Female,12,JSS3,0.7,Middle,Primary,1,No,No,No,No,85.7,42.9,40.3,50.0,44.4,No,34.5,Low
STU0315,Edo,Private,Male,14,SS3,1.1,High,Tertiary,5,No,No,No,No,86.3,59.5,46.4,41.8,49.2,No,34.1,Low
STU0316,Rivers,Private,Male,15,JSS2,3.5,Low,None,1,Yes,No,Yes,Yes,62.8,43.4,41.1,52.7,45.7,No,73.0,High
STU0317,Imo,Public,Male,12,JSS3,2.5,Low,Tertiary,2,Yes,No,No,No,67.3,47.3,52.1,36.9,45.4,Yes,65.4,High
STU0318,Ogun,Public,Male,17,SS2,1.2,Middle,Tertiary,7,No,No,No,No,90.9,51.9,85.3,59.2,65.5,No,17.2,Low
STU0319,Sokoto,Public,Male,10,JSS3,3.6,Low,Tertiary,3,Yes,No,Yes,No,78.1,69.2,62.5,56.4,62.7,Yes,45.3,Medium
STU0320,Borno,Public,Male,10,JSS1,7.6,Low,Primary,1,No,No,Yes,No,77.4,55.2,42.1,57.7,51.7,Yes,41.7,Medium
STU0321,Enugu,Public,Female,15,JSS3,1.1,Middle,Secondary,0,No,No,No,No,83.8,43.5,56.1,57.1,52.2,No,22.9,Low
STU0322,Benue,Private,Male,12,JSS1,1.2,Low,Tertiary,4,No,No,Yes,No,83.9,71.3,60.7,68.4,66.8,Yes,22.7,Low
STU0323,Enugu,Private,Male,12,JSS2,1.3,Middle,None,0,Yes,No,No,No,79.3,42.8,34.6,33.5,37.0,No,57.2,Medium
STU0324,Rivers,Public,Female,15,JSS1,2.3,Middle,Tertiary,1,Yes,No,Yes,Yes,70.2,72.4,70.3,46.9,63.2,No,44.6,Medium
STU0325,Kano,Public,Female,14,SS3,0.7,Low,Tertiary,0,Yes,No,Yes,No,72.4,64.7,43.1,59.3,55.7,No,40.4,Medium
STU0326,Oyo,Public,Male,15,SS1,5.6,Middle,None,1,No,No,Yes,No,92.2,60.9,66.6,48.1,58.5,No,13.0,Low
STU0327,Plateau,Public,Female,14,JSS3,5.1,High,Primary,0,No,No,Yes,Yes,88.0,58.0,57.2,54.5,56.6,No,26.7,Low
STU0328,Katsina,Public,Female,11,JSS3,1.6,Middle,None,7,No,No,Yes,No,86.3,46.0,57.5,42.1,48.5,No,20.8,Low
STU0329,Anambra,Private,Male,10,JSS1,3.0,Middle,Tertiary,0,No,No,Yes,No,95.2,69.4,69.6,71.5,70.2,No,12.2,Low
STU0330,Enugu,Public,Male,12,SS3,3.4,Middle,Secondary,1,No,No,Yes,No,89.1,48.0,62.1,64.4,58.2,No,12.9,Low
STU0331,Benue,Public,Male,14,JSS1,1.5,High,Primary,0,No,No,Yes,Yes,78.3,64.5,37.8,54.2,52.2,No,24.4,Low
STU0332,Sokoto,Public,Female,17,SS3,1.6,Low,Primary,5,No,No,Yes,No,97.5,63.2,65.3,62.7,63.7,Yes,19.9,Low
STU0333,Borno,Public,Male,15,SS1,0.9,Middle,None,2,No,No,No,No,82.6,48.1,61.1,51.9,53.7,Yes,27.8,Low
STU0334,Edo,Public,Male,13,SS1,7.1,Middle,None,2,No,No,Yes,No,85.7,50.1,59.5,27.5,45.7,No,50.4,Medium
STU0335,Rivers,Public,Female,12,SS1,1.2,Low,None,6,Yes,No,No,No,71.6,34.7,19.7,30.4,28.3,No,74.2,High
STU0336,Benue,Public,Female,11,JSS1,8.0,Middle,None,3,Yes,No,Yes,No,77.3,40.0,55.5,54.7,50.1,No,60.7,Medium
STU0337,Imo,Public,Female,17,SS3,1.3,Low,Tertiary,3,No,Yes,No,No,83.8,57.4,63.8,71.0,64.1,Yes,38.9,Medium
STU0338,Enugu,Public,Female,13,SS1,1.1,Middle,Tertiary,6,No,Yes,No,No,92.1,80.6,63.2,61.1,68.3,Yes,14.9,Low
STU0339,Enugu,Private,Female,18,SS1,3.3,Middle,Tertiary,6,No,No,Yes,No,77.3,55.3,56.6,73.3,61.7,Yes,23.1,Low
STU0340,Rivers,Public,Female,18,SS2,2.7,Middle,None,6,No,No,Yes,No,99.6,59.9,69.9,44.8,58.2,No,4.7,Low
STU0341,Katsina,Public,Female,17,SS3,4.4,Middle,Tertiary,6,Yes,No,Yes,No,70.7,47.1,55.6,62.8,55.2,No,61.0,Medium
STU0342,Delta,Public,Female,10,SS2,2.6,Low,Tertiary,7,No,No,Yes,No,84.3,60.5,80.6,81.4,74.2,Yes,34.5,Low
STU0343,Enugu,Private,Female,12,JSS3,2.5,Middle,Primary,2,Yes,No,Yes,No,77.0,60.7,40.5,60.1,53.8,Yes,44.8,Medium
STU0344,Borno,Public,Female,17,SS3,0.8,Middle,Primary,6,Yes,No,No,No,66.0,30.3,35.4,42.0,35.9,Yes,98.4,High
STU0345,Anambra,Public,Male,13,SS3,0.9,High,Secondary,3,No,No,Yes,Yes,95.6,76.5,68.3,64.8,69.9,Yes,17.0,Low
STU0346,Katsina,Public,Male,11,JSS1,0.7,High,Secondary,7,No,No,Yes,No,95.0,74.2,79.9,59.8,71.3,No,5.1,Low
STU0347,Kaduna,Public,Female,18,SS3,6.7,Low,Secondary,7,Yes,No,Yes,No,70.4,57.3,54.0,69.9,60.4,No,62.9,Medium
STU0348,Enugu,Public,Male,10,SS1,1.6,Middle,Tertiary,5,No,No,No,No,82.1,74.6,61.8,63.6,66.7,No,26.1,Low
STU0349,Benue,Public,Female,14,SS3,1.3,Low,Secondary,3,No,No,Yes,No,88.0,64.5,65.9,80.6,70.3,No,16.3,Low
STU0350,Enugu,Public,Male,14,SS3,1.6,High,Secondary,1,No,No,Yes,No,92.9,70.2,60.4,55.1,61.9,No,19.8,Low
STU0351,Plateau,Public,Female,17,SS3,3.7,Middle,None,1,No,No,Yes,No,84.7,56.7,79.7,53.2,63.2,Yes,9.3,Low
STU0352,Oyo,Public,Female,10,SS1,4.7,High,Secondary,4,No,Yes,No,No,89.4,71.3,65.1,61.5,66.0,No,21.9,Low
STU0353,Kano,Private,Male,14,SS3,2.1,Middle,Secondary,7,Yes,No,Yes,No,70.3,35.4,60.8,67.8,54.7,Yes,36.6,Medium
STU0354,Oyo,Public,Female,16,JSS1,1.3,Low,Secondary,0,No,No,Yes,No,81.0,69.0,45.7,53.2,56.0,No,20.9,Low
STU0355,Benue,Private,Female,16,JSS2,4.0,Low,Tertiary,6,No,No,Yes,No,84.4,65.1,66.0,79.9,70.3,No,34.5,Low
STU0356,Benue,Public,Female,16,JSS1,0.7,Middle,Secondary,1,No,No,No,No,87.0,55.8,37.7,55.4,49.6,No,21.9,Low
STU0357,Kano,Private,Male,10,JSS1,0.5,Low,Secondary,1,Yes,No,Yes,Yes,68.2,50.0,69.5,66.3,61.9,No,51.9,Medium
STU0358,Enugu,Public,Male,14,SS3,3.3,Low,Secondary,0,Yes,No,Yes,No,72.8,53.2,57.9,63.6,58.2,No,37.9,Medium
STU0359,Lagos,Private,Female,11,SS1,4.9,Low,Primary,4,Yes,No,Yes,No,73.8,46.2,40.1,56.8,47.7,Yes,64.5,Medium
STU0360,Lagos,Public,Male,16,JSS1,3.1,Low,Tertiary,1,Yes,No,No,No,63.7,42.1,48.5,49.6,46.7,No,94.9,High
STU0361,Sokoto,Public,Female,17,JSS3,2.8,Low,Primary,1,No,No,Yes,Yes,81.4,50.3,70.2,53.7,58.1,No,35.9,Medium
STU0362,Imo,Public,Male,11,JSS2,2.9,Middle,Secondary,2,Yes,No,Yes,No,72.3,41.6,51.0,32.7,41.8,No,45.8,Medium
STU0363,Oyo,Public,Female,14,SS3,2.5,Low,Secondary,1,Yes,No,Yes,Yes,61.3,57.8,43.5,58.1,53.1,No,75.5,High
STU0364,Katsina,Public,Female,11,SS3,1.4,Low,Secondary,2,Yes,No,Yes,No,78.8,67.7,44.7,61.4,57.9,No,42.1,Medium
STU0365,Edo,Public,Female,12,JSS2,2.2,Low,Secondary,0,No,No,Yes,No,90.5,65.7,67.2,73.0,68.6,No,26.4,Low
STU0366,Edo,Public,Male,15,JSS1,1.4,Low,Primary,4,No,No,No,No,72.6,45.9,39.3,54.5,46.6,No,55.8,Medium
STU0367,Edo,Public,Male,17,JSS2,4.8,Low,Secondary,4,Yes,No,No,No,63.8,32.4,40.4,51.4,41.4,No,80.2,High
STU0368,Imo,Private,Male,15,JSS1,1.2,Low,Secondary,3,Yes,No,Yes,No,73.0,45.2,44.5,50.3,46.7,Yes,58.5,Medium
STU0369,Sokoto,Public,Female,13,SS3,1.9,Low,Tertiary,7,No,No,Yes,No,80.3,73.7,58.3,70.4,67.5,No,46.6,Medium
STU0370,Edo,Private,Female,11,JSS1,3.3,Middle,Tertiary,4,No,No,Yes,No,95.2,66.3,65.5,91.6,74.5,Yes,16.2,Low
STU0371,Plateau,Public,Male,18,JSS1,1.8,Low,Primary,4,Yes,Yes,Yes,No,66.9,51.3,57.5,49.8,52.9,No,66.2,High
STU0372,Kano,Private,Female,15,SS3,3.1,Low,None,7,No,No,No,Yes,71.9,49.3,40.1,52.4,47.3,Yes,49.8,Medium
STU0373,Oyo,Public,Female,11,JSS1,8.9,Low,None,2,No,No,Yes,No,73.9,62.8,66.1,40.3,56.4,No,43.7,Medium
STU0374,Katsina,Public,Female,16,JSS3,11.6,Low,Tertiary,1,Yes,No,Yes,No,54.3,46.4,49.1,47.8,47.8,No,72.3,High
STU0375,Katsina,Public,Female,18,JSS3,2.8,Low,Primary,1,Yes,No,Yes,No,74.0,49.1,38.9,43.7,43.9,No,70.9,High
STU0376,Kano,Private,Female,10,JSS2,0.5,Middle,Tertiary,7,No,No,Yes,No,90.9,86.7,79.0,64.8,76.8,Yes,18.6,Low
STU0377,Ogun,Private,Female,14,SS3,9.7,Low,None,4,Yes,No,Yes,No,54.2,56.4,40.9,22.7,40.0,No,89.2,High
STU0378,Edo,Public,Female,15,JSS2,1.1,Middle,Secondary,7,No,No,Yes,No,87.9,46.8,65.3,67.5,59.9,No,13.8,Low
STU0379,Oyo,Public,Male,17,JSS1,8.0,Low,Primary,7,No,No,No,Yes,69.2,43.1,32.0,59.9,45.0,Yes,71.5,High
STU0380,Enugu,Public,Male,11,SS1,7.0,Low,None,0,No,No,Yes,Yes,55.2,63.7,54.2,38.4,52.1,Yes,74.5,High
STU0381,Ogun,Private,Female,12,JSS1,10.1,Low,Secondary,5,Yes,No,No,Yes,45.9,47.6,38.3,37.9,41.3,Yes,103.9,High
STU0382,Oyo,Public,Male,12,JSS2,1.4,Middle,Tertiary,0,Yes,No,No,No,76.4,58.6,28.9,43.8,43.8,No,52.1,Medium
STU0383,Anambra,Public,Male,14,JSS3,0.8,Low,Tertiary,7,No,No,No,No,81.9,73.4,53.6,58.3,61.8,No,26.5,Low
STU0384,Katsina,Private,Female,18,SS1,9.2,Low,Tertiary,5,Yes,No,Yes,No,60.8,73.4,44.2,69.5,62.4,Yes,61.7,Medium
STU0385,Lagos,Public,Male,14,SS2,1.6,Low,Secondary,5,Yes,No,Yes,No,83.3,61.2,53.4,60.3,58.3,No,42.6,Medium
STU0386,Delta,Private,Male,17,JSS1,0.8,Low,Secondary,1,No,Yes,No,No,75.9,54.6,55.6,48.5,52.9,No,33.9,Low
STU0387,Kano,Public,Female,17,SS2,0.6,Low,Primary,2,Yes,No,Yes,No,79.1,34.0,54.5,46.7,45.1,Yes,44.7,Medium
STU0388,Imo,Public,Male,16,JSS2,0.9,Middle,Primary,2,Yes,No,No,No,78.1,42.9,35.9,47.7,42.2,Yes,58.9,Medium
STU0389,Edo,Private,Male,10,JSS2,1.9,Low,Primary,2,No,No,Yes,No,86.9,72.0,84.6,48.1,68.2,Yes,34.9,Low
STU0390,Katsina,Public,Male,10,SS2,1.5,Low,Secondary,4,No,No,No,No,86.9,36.9,51.2,70.2,52.8,No,41.3,Medium
STU0391,Edo,Public,Male,14,JSS1,1.6,Middle,Secondary,7,No,No,Yes,No,85.7,63.0,65.8,66.9,65.2,No,1.0,Low
STU0392,Oyo,Public,Male,13,JSS3,3.6,Low,Tertiary,0,Yes,No,No,No,58.3,54.1,53.1,45.7,51.0,Yes,81.6,High
STU0393,Kaduna,Private,Female,11,SS3,7.8,Middle,Secondary,5,Yes,No,Yes,No,61.1,37.4,48.0,63.4,49.6,Yes,65.1,High
STU0394,Enugu,Private,Male,14,JSS3,9.0,Middle,Tertiary,0,No,No,Yes,No,71.6,73.0,61.6,87.1,73.9,Yes,44.6,Medium
STU0395,Delta,Public,Male,18,SS1,1.0,Middle,Primary,5,No,No,Yes,No,80.1,60.5,58.1,52.3,57.0,No,24.3,Low
STU0396,Plateau,Public,Male,15,JSS2,1.5,Middle,Primary,7,Yes,No,Yes,No,75.8,56.0,38.9,45.1,46.7,Yes,29.4,Low
STU0397,Kaduna,Public,Female,16,JSS2,4.3,Low,None,4,Yes,No,Yes,No,60.8,46.3,70.9,41.8,53.0,Yes,66.2,High
STU0398,Sokoto,Public,Male,12,JSS2,2.1,Low,Secondary,1,No,No,Yes,No,83.9,59.8,66.2,71.8,65.9,No,18.3,Low
STU0399,Lagos,Public,Female,10,JSS2,0.7,Low,Primary,4,No,No,Yes,No,82.1,63.5,42.6,73.0,59.7,Yes,31.6,Low
STU0400,Plateau,Private,Male,18,SS1,0.8,Low,None,4,Yes,Yes,Yes,No,76.7,57.4,50.1,64.6,57.4,No,41.8,Medium
STU0401,Plateau,Public,Male,15,JSS1,10.4,Low,Secondary,4,No,Yes,Yes,No,74.9,60.7,70.5,55.7,62.3,No,34.7,Low
STU0402,Edo,Public,Male,10,JSS2,7.3,Middle,Primary,2,Yes,No,Yes,No,66.6,49.2,37.6,20.7,35.8,No,75.7,High
STU0403,Sokoto,Public,Female,11,SS3,3.9,Middle,Secondary,6,Yes,No,Yes,No,75.1,56.4,56.6,67.7,60.2,Yes,43.0,Medium
STU0404,Lagos,Public,Male,16,SS1,3.6,Low,Secondary,2,No,No,Yes,No,85.0,50.6,43.3,70.7,54.9,No,26.1,Low
STU0405,Kano,Private,Male,10,SS2,1.3,Low,Secondary,4,Yes,No,Yes,No,81.9,60.4,47.7,63.4,57.2,Yes,54.8,Medium
STU0406,Lagos,Private,Male,18,JSS3,4.1,Low,None,3,No,No,No,No,73.8,46.3,46.7,43.1,45.4,Yes,53.8,Medium
STU0407,Borno,Public,Male,17,SS3,1.7,Low,None,2,Yes,No,Yes,No,75.4,43.9,31.2,29.7,34.9,Yes,72.2,High
STU0408,Enugu,Public,Male,14,SS2,3.0,Low,Tertiary,5,No,No,Yes,No,87.7,72.7,70.9,72.7,72.1,Yes,20.0,Low
STU0409,Kano,Public,Male,16,JSS3,1.9,Low,Primary,5,Yes,No,Yes,No,71.9,23.2,41.5,53.8,39.5,No,72.3,High
STU0410,Lagos,Private,Female,16,SS2,2.8,High,Secondary,6,No,No,No,Yes,77.0,53.7,28.6,67.4,49.9,Yes,48.6,Medium
STU0411,Rivers,Private,Female,11,JSS1,0.9,Low,None,6,Yes,No,Yes,Yes,67.0,38.6,36.9,49.6,41.7,No,72.6,High
STU0412,Sokoto,Public,Female,18,JSS1,4.8,Low,Tertiary,2,No,No,No,No,83.4,69.2,48.4,43.5,53.7,No,43.8,Medium
STU0413,Katsina,Private,Male,16,SS2,8.4,Middle,Secondary,7,No,No,Yes,Yes,75.6,67.2,50.9,70.8,63.0,No,53.1,Medium
STU0414,Lagos,Public,Male,18,SS3,2.9,Middle,Secondary,4,No,No,Yes,Yes,79.5,67.9,58.6,67.0,64.5,Yes,29.2,Low
STU0415,Rivers,Private,Female,18,JSS3,1.2,Middle,Primary,1,No,No,Yes,No,93.5,50.8,50.3,54.2,51.8,Yes,1.9,Low
STU0416,Oyo,Public,Female,14,JSS1,7.4,High,Primary,4,No,No,Yes,No,83.4,48.9,54.3,47.7,50.3,No,26.8,Low
STU0417,Plateau,Public,Female,12,SS3,9.4,Middle,Tertiary,1,No,Yes,Yes,No,77.4,53.8,64.6,65.7,61.4,No,16.4,Low
STU0418,Sokoto,Public,Female,14,JSS2,6.3,Middle,Secondary,0,No,No,Yes,No,85.5,62.1,65.8,76.6,68.2,No,22.6,Low
STU0419,Sokoto,Public,Male,11,SS2,5.6,Middle,Primary,7,No,No,Yes,No,95.1,67.8,85.2,67.1,73.4,No,10.3,Low
STU0420,Delta,Public,Female,17,SS3,8.0,Middle,None,2,No,No,Yes,No,81.6,63.4,43.2,70.4,59.0,No,28.2,Low
STU0421,Rivers,Public,Female,12,SS3,1.9,Low,None,6,Yes,No,Yes,No,72.5,44.7,51.6,44.1,46.8,Yes,65.0,High
STU0422,Benue,Public,Male,10,JSS3,3.1,High,Secondary,3,No,No,Yes,No,93.1,75.4,94.9,72.0,80.8,Yes,21.6,Low
STU0423,Edo,Public,Female,11,JSS3,5.2,Middle,Primary,1,No,No,Yes,No,86.6,70.0,77.8,65.3,71.0,No,25.8,Low
STU0424,Katsina,Public,Female,16,SS2,14.7,High,Tertiary,1,No,No,Yes,No,91.3,92.4,73.1,63.7,76.4,Yes,10.4,Low
STU0425,Anambra,Private,Male,12,SS3,4.0,Low,Tertiary,3,No,Yes,No,No,79.1,61.2,63.1,57.7,60.7,No,37.1,Medium
STU0426,Rivers,Private,Male,15,JSS3,1.2,Middle,Secondary,0,Yes,No,No,No,65.1,49.8,46.0,38.9,44.9,Yes,60.1,Medium
STU0427,Kaduna,Public,Female,16,JSS1,2.0,High,Secondary,0,No,No,Yes,No,80.6,52.0,53.1,59.5,54.9,No,23.4,Low
STU0428,Imo,Public,Male,10,SS3,1.4,Low,Primary,4,Yes,No,No,No,63.2,35.6,47.7,44.7,42.7,No,72.5,High
STU0429,Benue,Public,Male,16,JSS2,1.3,Low,None,1,Yes,Yes,Yes,No,64.7,41.8,48.3,44.0,44.7,Yes,81.0,High
STU0430,Anambra,Private,Male,11,JSS1,2.5,Middle,None,5,No,Yes,Yes,No,92.2,71.9,62.3,55.3,63.2,Yes,-1.4,Low
STU0431,Katsina,Public,Male,16,JSS1,2.8,Low,Secondary,6,No,No,Yes,No,73.4,65.4,68.7,53.1,62.4,Yes,32.5,Low
STU0432,Imo,Private,Female,12,SS3,3.8,Low,Secondary,0,No,No,Yes,No,88.5,80.1,75.0,58.7,71.3,No,27.4,Low
STU0433,Kaduna,Public,Female,10,SS3,3.6,Low,Secondary,5,No,Yes,Yes,No,78.3,63.4,53.9,78.2,65.2,Yes,34.3,Low
STU0434,Enugu,Private,Male,16,JSS2,7.9,Low,None,4,Yes,No,No,No,56.3,35.9,30.0,25.5,30.5,Yes,101.3,High
STU0435,Rivers,Private,Male,10,SS2,5.1,High,Secondary,6,No,No,No,No,83.3,35.4,63.1,48.1,48.9,Yes,28.9,Low
STU0436,Ogun,Public,Female,11,JSS3,4.0,Middle,Tertiary,2,No,No,Yes,No,89.9,67.1,75.1,72.5,71.6,Yes,18.5,Low
STU0437,Katsina,Private,Female,11,JSS3,4.0,Middle,Primary,2,No,No,Yes,No,93.2,52.8,54.8,52.6,53.4,Yes,5.4,Low
STU0438,Rivers,Public,Male,17,SS1,3.8,Middle,None,2,No,No,No,Yes,88.4,53.6,41.2,46.1,47.0,No,37.5,Medium
STU0439,Katsina,Private,Female,10,JSS3,0.6,Low,Secondary,7,No,No,Yes,No,85.8,72.5,58.4,76.1,69.0,Yes,12.2,Low
STU0440,Anambra,Public,Female,14,SS1,2.8,High,None,0,No,No,Yes,No,98.8,56.9,61.1,46.1,54.7,No,-0.0,Low
STU0441,Edo,Public,Male,18,JSS2,1.3,Low,None,3,No,No,Yes,No,81.0,59.6,46.6,38.8,48.3,Yes,28.9,Low
STU0442,Benue,Private,Female,10,JSS2,5.5,Low,Tertiary,0,Yes,No,Yes,No,68.0,76.6,58.2,57.5,64.1,Yes,70.7,High
STU0443,Delta,Public,Female,13,SS3,1.5,Low,Secondary,7,No,No,No,No,73.9,48.5,57.7,44.6,50.3,Yes,71.9,High
STU0444,Enugu,Private,Male,15,SS1,12.1,Low,Primary,5,Yes,No,Yes,No,64.5,46.9,40.1,37.9,41.6,Yes,84.1,High
STU0445,Delta,Public,Male,12,JSS3,8.4,Middle,Primary,7,No,No,Yes,No,90.9,56.9,54.3,33.4,48.2,Yes,20.4,Low
STU0446,Rivers,Public,Male,10,JSS3,2.8,Middle,Tertiary,6,No,No,No,No,83.0,56.8,67.0,44.4,56.1,Yes,29.6,Low
STU0447,Edo,Public,Female,10,SS3,1.4,Middle,None,5,No,No,Yes,No,94.4,57.4,72.9,45.5,58.6,Yes,0.5,Low
STU0448,Oyo,Private,Female,10,SS2,4.6,Low,None,6,Yes,No,No,No,60.0,37.7,9.5,19.9,22.4,No,100.1,High
STU0449,Enugu,Public,Female,16,SS2,0.9,Middle,Secondary,7,No,No,Yes,Yes,90.5,76.1,85.5,60.6,74.1,Yes,13.0,Low
STU0450,Rivers,Private,Female,11,SS1,19.9,Low,Primary,7,Yes,No,Yes,No,51.7,29.6,55.1,55.4,46.7,Yes,102.1,High
STU0451,Ogun,Public,Male,18,JSS2,0.6,Middle,Primary,0,No,Yes,Yes,No,89.1,73.0,75.1,65.8,71.3,No,14.3,Low
STU0452,Kano,Private,Female,14,SS2,3.9,Middle,Tertiary,7,No,No,Yes,No,87.8,56.3,72.3,72.8,67.1,No,6.1,Low
STU0453,Rivers,Public,Male,12,JSS3,4.1,Middle,Tertiary,1,No,No,Yes,No,91.2,77.9,61.7,71.5,70.4,No,9.0,Low
STU0454,Ogun,Public,Male,14,SS1,5.3,Middle,Secondary,5,No,No,Yes,No,77.8,54.8,56.6,71.6,61.0,No,11.3,Low
STU0455,Katsina,Public,Male,14,JSS2,5.1,Middle,None,7,No,No,No,Yes,74.3,53.3,34.7,29.7,39.2,Yes,52.6,Medium
STU0456,Sokoto,Private,Female,13,JSS1,4.8,Low,Secondary,3,Yes,No,Yes,No,68.0,51.4,40.8,66.2,52.8,No,58.4,Medium
STU0457,Ogun,Public,Male,17,JSS3,3.0,Middle,Primary,4,No,Yes,No,No,91.0,65.8,52.0,35.2,51.0,No,19.9,Low
STU0458,Katsina,Public,Female,17,JSS3,1.8,Middle,Primary,6,No,No,Yes,No,93.3,38.6,63.3,64.1,55.3,Yes,10.9,Low
STU0459,Anambra,Private,Female,17,SS1,1.1,Middle,Secondary,4,No,No,No,No,81.5,62.9,53.1,34.8,50.3,No,28.8,Low
STU0460,Imo,Public,Male,14,SS3,1.6,Low,Secondary,3,No,No,No,No,71.9,57.5,60.8,52.4,56.9,No,41.6,Medium
STU0461,Sokoto,Private,Male,12,JSS1,5.3,Middle,Primary,4,No,No,No,No,78.7,31.4,27.6,47.1,35.4,Yes,45.3,Medium
STU0462,Edo,Public,Female,15,JSS3,11.5,Middle,Secondary,5,No,No,Yes,No,73.8,62.5,61.3,49.9,57.9,No,24.6,Low
STU0463,Lagos,Public,Male,12,JSS3,13.0,Low,Primary,4,No,No,Yes,No,69.9,64.3,50.5,41.2,52.0,No,47.5,Medium
STU0464,Plateau,Public,Female,14,SS2,0.6,Low,Secondary,0,No,No,Yes,No,76.4,60.3,53.4,75.6,63.1,Yes,17.0,Low
STU0465,Edo,Public,Female,13,SS2,6.4,Middle,Secondary,5,No,No,Yes,No,82.0,76.4,55.4,60.2,64.0,No,23.4,Low
STU0466,Kaduna,Public,Female,13,SS1,1.2,Middle,Tertiary,6,No,No,No,No,81.5,60.0,51.0,48.2,53.1,No,26.1,Low
STU0467,Sokoto,Public,Female,12,JSS2,1.9,High,Primary,3,No,Yes,Yes,No,91.3,69.4,45.3,39.9,51.5,No,16.8,Low
STU0468,Imo,Public,Female,15,JSS3,5.2,Low,Tertiary,2,No,Yes,Yes,No,88.9,76.9,74.8,81.9,77.9,No,28.5,Low
STU0469,Sokoto,Public,Male,18,JSS3,2.1,Low,Primary,6,No,No,Yes,No,82.8,45.4,42.5,63.9,50.6,No,42.5,Medium
STU0470,Imo,Public,Male,15,JSS1,6.3,Low,Primary,2,No,No,No,No,66.3,30.6,23.6,62.0,38.7,No,85.1,High
STU0471,Benue,Public,Male,14,JSS1,1.4,Low,Primary,5,Yes,No,Yes,No,74.6,48.6,53.5,47.7,49.9,Yes,60.9,Medium
STU0472,Kano,Private,Female,13,JSS2,1.2,Low,None,6,Yes,No,Yes,No,65.5,46.5,29.9,50.0,42.1,Yes,57.2,Medium
STU0473,Enugu,Public,Male,10,JSS2,1.6,Low,Secondary,2,Yes,Yes,Yes,Yes,62.3,63.6,33.7,47.9,48.4,No,80.4,High
STU0474,Edo,Public,Male,17,SS3,4.9,Middle,Secondary,7,No,No,No,No,88.7,63.8,59.3,35.0,52.7,No,27.6,Low
STU0475,Imo,Private,Female,12,SS1,2.0,Low,Primary,3,Yes,No,No,No,49.1,20.6,28.0,19.0,22.5,Yes,106.4,High
STU0476,Imo,Public,Male,18,SS1,1.0,Low,None,6,No,No,Yes,No,79.2,49.0,63.1,46.3,52.8,No,25.0,Low
STU0477,Enugu,Public,Male,14,SS3,1.5,Middle,Primary,2,No,No,Yes,No,87.2,53.2,63.2,41.8,52.7,No,13.1,Low
STU0478,Borno,Private,Female,14,JSS2,2.7,Middle,Secondary,4,Yes,No,Yes,No,84.0,59.3,63.6,42.5,55.1,Yes,45.9,Medium
STU0479,Benue,Public,Male,10,JSS2,2.9,Low,Secondary,5,No,No,Yes,No,90.5,62.8,62.1,52.4,59.1,No,31.9,Low
STU0480,Edo,Public,Male,16,SS1,0.8,Middle,Primary,5,No,No,Yes,No,83.4,40.8,44.7,69.1,51.5,No,23.4,Low
STU0481,Rivers,Public,Male,11,SS3,2.9,High,None,4,No,No,Yes,No,90.6,57.7,57.0,41.9,52.2,No,12.9,Low
STU0482,Lagos,Public,Male,18,JSS1,18.7,High,Primary,4,No,No,Yes,No,75.5,59.2,57.8,47.0,54.7,No,54.9,Medium
STU0483,Plateau,Public,Female,11,JSS3,0.9,Low,Tertiary,2,No,No,Yes,No,84.6,79.8,69.3,62.6,70.6,Yes,21.4,Low
STU0484,Delta,Private,Female,16,SS1,0.7,Middle,Secondary,0,Yes,No,Yes,No,71.9,62.0,61.7,69.0,64.2,No,51.7,Medium
STU0485,Benue,Public,Female,11,JSS2,7.7,Middle,Secondary,1,Yes,No,Yes,No,80.5,64.5,61.4,65.8,63.9,No,47.6,Medium
STU0486,Ogun,Private,Female,13,SS2,1.3,Middle,None,1,No,No,No,No,87.3,42.4,26.0,54.3,40.9,No,33.3,Low
STU0487,Benue,Public,Male,14,SS3,3.5,High,Primary,7,No,No,No,No,77.6,50.0,57.3,38.5,48.6,Yes,51.3,Medium
STU0488,Kaduna,Public,Male,14,JSS1,2.4,Low,Primary,6,Yes,No,Yes,Yes,69.9,64.3,26.4,58.3,49.7,No,60.8,Medium
STU0489,Edo,Public,Male,17,JSS1,0.5,Middle,Secondary,3,No,No,Yes,No,100.0,64.6,75.9,87.5,76.0,No,-3.9,Low
STU0490,Oyo,Private,Male,10,JSS2,2.0,Low,Secondary,0,Yes,No,Yes,No,78.2,56.4,63.9,61.5,60.6,Yes,48.2,Medium
STU0491,Enugu,Public,Male,12,SS3,7.7,Middle,Primary,6,No,No,No,No,75.5,57.8,35.6,36.0,43.1,No,49.9,Medium
STU0492,Kano,Public,Male,10,SS3,13.6,Low,Primary,1,Yes,No,Yes,No,55.5,44.9,41.9,39.1,42.0,Yes,94.0,High
STU0493,Enugu,Public,Male,14,JSS1,1.4,Middle,Primary,6,No,No,No,No,80.9,53.7,41.5,54.1,49.8,No,42.2,Medium
STU0494,Lagos,Private,Male,15,JSS3,4.9,Middle,Tertiary,3,No,No,Yes,No,84.4,50.9,66.7,61.5,59.7,Yes,27.5,Low
STU0495,Plateau,Private,Female,14,JSS3,0.9,Low,None,1,No,No,No,No,86.1,27.0,38.5,54.5,40.0,No,43.9,Medium
STU0496,Lagos,Private,Female,18,SS2,3.1,Middle,Tertiary,6,No,Yes,Yes,No,84.2,92.2,62.7,57.1,70.7,Yes,19.3,Low
STU0497,Ogun,Public,Male,15,JSS1,3.7,High,Primary,7,No,No,Yes,No,84.1,67.4,71.5,61.1,66.7,No,12.7,Low
STU0498,Benue,Public,Female,14,JSS2,4.0,Low,Primary,7,Yes,No,Yes,No,75.7,48.2,80.4,48.1,58.9,Yes,42.0,Medium
STU0499,Delta,Public,Male,18,SS2,8.9,Middle,Primary,1,No,No,Yes,No,83.9,41.5,49.3,53.5,48.1,Yes,27.4,Low
STU0500,Ogun,Public,Male,12,SS1,10.0,Low,Secondary,4,Yes,No,Yes,No,61.6,63.2,60.7,59.0,61.0,Yes,75.0,High
STU0501,Plateau,Private,Female,13,SS1,2.8,Middle,Tertiary,5,Yes,No,No,No,75.7,53.2,72.3,38.1,54.5,No,67.4,High
STU0502,Rivers,Public,Female,18,SS2,4.0,Middle,None,2,No,No,No,No,82.7,53.4,68.0,47.5,56.3,No,27.5,Low
STU0503,Edo,Public,Female,18,SS1,5.5,Low,None,6,No,No,Yes,Yes,70.9,41.1,38.7,61.1,47.0,No,65.6,High
STU0504,Kaduna,Public,Male,14,SS1,0.7,Low,Primary,3,No,No,Yes,No,90.5,54.4,73.1,67.7,65.1,No,13.1,Low
STU0505,Borno,Public,Female,12,JSS1,1.1,Low,Primary,5,Yes,No,No,No,67.0,38.4,36.5,45.0,40.0,No,83.0,High
STU0506,Oyo,Private,Female,11,SS1,3.2,Low,Secondary,4,Yes,No,Yes,Yes,67.5,44.7,53.2,43.2,47.0,Yes,63.3,Medium
STU0507,Ogun,Public,Female,15,JSS2,1.6,Low,Primary,5,No,No,No,No,87.2,49.9,47.7,53.0,50.2,Yes,38.5,Medium
STU0508,Kaduna,Public,Male,10,SS3,1.2,High,Tertiary,5,No,No,No,No,100.0,58.9,80.7,70.4,70.0,No,-0.8,Low
STU0509,Kano,Public,Male,17,SS1,5.5,Low,Tertiary,1,Yes,No,No,No,52.9,27.5,28.3,45.6,33.8,No,109.1,High
STU0510,Sokoto,Private,Female,17,SS3,0.9,Middle,Primary,0,No,No,Yes,No,84.8,73.3,59.9,61.2,64.8,No,25.3,Low
STU0511,Benue,Private,Female,17,SS2,4.2,Low,Secondary,2,No,No,Yes,No,69.1,71.7,69.5,58.9,66.7,No,39.0,Medium
STU0512,Anambra,Public,Female,16,SS2,1.7,Low,Secondary,5,Yes,No,Yes,Yes,52.9,36.9,57.6,28.3,40.9,Yes,94.3,High
STU0513,Enugu,Public,Male,13,SS2,1.1,Low,Secondary,0,Yes,Yes,Yes,No,79.3,68.0,62.4,57.4,62.6,Yes,48.7,Medium
STU0514,Katsina,Public,Female,14,JSS1,3.4,High,Secondary,3,No,No,Yes,No,83.6,54.8,53.4,73.5,60.6,Yes,9.9,Low
STU0515,Enugu,Public,Female,15,SS3,2.2,Low,Primary,3,Yes,No,Yes,No,72.9,44.6,44.9,53.3,47.6,No,56.2,Medium
STU0516,Borno,Public,Male,10,JSS3,4.3,High,None,3,No,No,No,No,84.0,22.7,46.1,62.3,43.7,No,36.1,Medium
STU0517,Anambra,Public,Male,16,SS2,0.9,Middle,Primary,6,No,No,Yes,No,100.0,65.3,74.2,52.6,64.0,Yes,2.8,Low
STU0518,Lagos,Public,Female,16,JSS3,0.8,Low,Secondary,5,No,No,Yes,No,91.4,69.8,59.0,57.7,62.2,No,14.4,Low
STU0519,Plateau,Public,Female,10,JSS1,4.1,Low,Primary,1,No,No,Yes,No,81.5,62.8,56.5,48.4,55.9,No,31.7,Low
STU0520,Rivers,Public,Male,18,JSS3,0.8,Middle,Secondary,4,Yes,No,Yes,No,82.7,51.3,54.6,62.8,56.2,Yes,33.9,Low
STU0521,Rivers,Public,Female,11,SS3,1.6,Low,Secondary,1,No,No,No,Yes,72.3,70.2,34.8,37.5,47.5,No,60.1,Medium
STU0522,Delta,Public,Male,16,JSS3,2.2,Low,None,5,No,No,Yes,No,88.5,55.6,61.2,52.1,56.3,Yes,16.0,Low
STU0523,Delta,Public,Female,11,SS2,2.3,Low,Secondary,4,Yes,No,Yes,Yes,71.3,55.7,53.1,37.1,48.6,Yes,62.9,Medium
STU0524,Benue,Public,Female,16,SS2,7.4,Low,Tertiary,5,Yes,No,No,No,57.1,43.4,26.9,41.8,37.4,No,101.5,High
STU0525,Rivers,Public,Female,13,JSS1,4.7,Low,Primary,6,Yes,No,Yes,No,68.9,55.4,52.6,51.9,53.3,Yes,56.8,Medium
STU0526,Anambra,Public,Male,10,JSS3,3.2,High,Primary,0,No,No,Yes,No,93.1,68.8,62.2,65.7,65.6,No,-0.4,Low
STU0527,Kaduna,Public,Female,12,JSS3,5.3,Low,Primary,4,Yes,No,Yes,No,79.1,53.0,41.0,68.1,54.0,No,53.2,Medium
STU0528,Delta,Public,Female,10,SS2,0.6,Low,Tertiary,2,No,No,Yes,No,77.5,48.3,56.1,64.5,56.3,No,42.9,Medium
STU0529,Benue,Public,Male,10,JSS3,1.3,Middle,Secondary,3,No,No,Yes,No,83.7,65.0,70.3,51.1,62.1,No,15.2,Low
STU0530,Enugu,Public,Female,18,SS1,2.7,Middle,Secondary,1,No,No,Yes,No,82.0,85.4,78.7,61.2,75.1,Yes,9.7,Low
STU0531,Imo,Public,Female,15,SS2,3.0,Low,Secondary,0,Yes,No,Yes,Yes,64.4,60.8,60.2,39.2,53.4,No,69.2,High
STU0532,Oyo,Public,Female,12,SS1,1.5,Low,Primary,0,Yes,No,No,Yes,61.6,44.1,47.0,25.1,38.7,No,102.3,High
STU0533,Katsina,Private,Female,17,JSS3,1.2,Middle,Primary,2,No,No,Yes,No,90.2,56.8,59.5,53.9,56.7,Yes,14.6,Low
STU0534,Kaduna,Public,Female,10,JSS1,3.6,Low,Secondary,7,Yes,No,Yes,No,64.9,41.9,69.5,47.0,52.8,No,63.0,Medium
STU0535,Oyo,Public,Male,13,JSS2,4.3,Low,Primary,1,Yes,No,No,No,57.5,57.1,18.8,18.9,31.6,No,103.9,High
STU0536,Katsina,Private,Male,12,SS1,5.7,Low,Secondary,7,Yes,No,Yes,No,73.5,59.6,49.5,45.0,51.4,No,57.8,Medium
STU0537,Imo,Private,Female,14,JSS2,6.4,Middle,Secondary,0,No,No,Yes,No,91.4,69.9,58.5,65.4,64.6,No,5.5,Low
STU0538,Kaduna,Public,Female,15,JSS1,0.5,Middle,Secondary,5,No,Yes,Yes,No,88.7,77.4,60.6,56.6,64.9,Yes,12.9,Low
STU0539,Anambra,Public,Female,10,JSS3,6.5,Middle,Secondary,5,No,No,Yes,No,85.6,67.2,58.9,54.7,60.3,No,26.0,Low
STU0540,Katsina,Private,Male,18,JSS1,2.1,Low,None,2,Yes,No,Yes,No,76.3,48.8,52.8,25.9,42.5,Yes,71.1,High
STU0541,Katsina,Public,Male,18,SS3,10.8,Low,Primary,3,Yes,No,Yes,No,70.7,63.1,38.6,47.2,49.6,No,66.6,High
STU0542,Anambra,Private,Male,18,JSS2,5.3,Middle,Tertiary,0,Yes,Yes,No,Yes,59.3,49.0,41.0,73.8,54.6,No,65.5,High
STU0543,Rivers,Public,Female,17,JSS2,5.4,Low,Secondary,4,No,No,No,No,82.1,46.7,41.5,56.2,48.1,Yes,54.2,Medium
STU0544,Delta,Private,Male,14,JSS1,2.2,Middle,Secondary,5,No,No,Yes,No,78.3,69.0,59.5,62.8,63.8,Yes,29.8,Low
STU0545,Ogun,Public,Female,16,SS3,2.7,Low,Primary,4,No,No,Yes,No,72.6,51.1,65.3,61.7,59.4,Yes,38.8,Medium
STU0546,Rivers,Private,Male,10,SS3,5.5,Low,None,5,No,No,Yes,No,80.8,50.3,50.6,44.5,48.5,Yes,36.4,Medium
STU0547,Benue,Public,Male,18,JSS2,1.3,Low,Secondary,7,Yes,No,No,No,59.0,53.3,36.2,44.4,44.6,No,80.2,High
STU0548,Borno,Public,Male,17,JSS3,4.1,Low,None,0,No,No,No,No,72.5,18.9,64.3,54.1,45.8,No,55.1,Medium
STU0549,Lagos,Public,Female,16,SS1,1.1,Middle,Primary,4,No,No,Yes,No,85.8,56.1,81.3,61.7,66.4,No,16.8,Low
STU0550,Katsina,Public,Male,15,SS3,2.4,Middle,Secondary,2,Yes,No,Yes,No,76.0,60.5,55.2,53.5,56.4,Yes,45.1,Medium
STU0551,Lagos,Public,Male,13,JSS2,2.3,Middle,Secondary,5,No,No,Yes,No,83.9,60.1,63.4,82.0,68.5,Yes,9.9,Low
STU0552,Benue,Public,Female,16,JSS1,7.4,Middle,None,5,No,No,Yes,No,85.2,48.5,76.7,56.8,60.7,No,12.6,Low
STU0553,Benue,Public,Male,17,SS3,3.9,High,Primary,5,No,No,No,No,77.8,46.2,37.8,10.9,31.6,No,40.5,Medium
STU0554,Enugu,Public,Male,18,JSS1,6.7,Low,Tertiary,2,Yes,No,Yes,No,67.2,59.0,36.7,69.8,55.2,Yes,41.2,Medium
STU0555,Sokoto,Public,Female,14,JSS3,2.7,Low,Secondary,5,No,No,Yes,No,90.9,54.4,78.5,65.4,66.1,No,18.7,Low
STU0556,Kano,Public,Male,11,SS1,9.8,Middle,Primary,4,No,No,Yes,No,80.1,44.4,61.3,53.4,53.0,No,40.4,Medium
STU0557,Benue,Private,Male,14,SS2,4.5,Low,Tertiary,6,No,No,No,No,77.7,39.7,60.7,50.8,50.4,No,49.6,Medium
STU0558,Sokoto,Public,Female,10,SS2,1.9,Low,Secondary,2,No,No,No,Yes,67.7,39.8,30.2,47.9,39.3,Yes,56.9,Medium
STU0559,Rivers,Public,Male,13,JSS1,6.9,Middle,None,1,No,No,Yes,No,84.7,81.8,65.9,65.0,70.9,No,19.0,Low
STU0560,Sokoto,Public,Female,12,SS3,9.4,High,None,1,No,Yes,Yes,No,81.2,74.4,54.3,48.1,58.9,No,29.4,Low
STU0561,Ogun,Public,Male,15,SS3,7.8,Low,Tertiary,3,Yes,No,Yes,No,59.4,42.5,57.7,50.4,50.2,Yes,67.3,High
STU0562,Kano,Public,Male,14,JSS1,2.8,Middle,Secondary,3,Yes,No,Yes,No,87.8,55.6,44.0,63.1,54.2,Yes,18.2,Low
STU0563,Edo,Public,Female,11,SS3,9.2,Low,None,5,Yes,No,No,No,51.2,29.7,32.2,28.5,30.1,No,114.5,High
STU0564,Ogun,Public,Female,10,SS1,6.5,Middle,None,3,No,No,Yes,No,84.7,60.2,47.6,47.3,51.7,No,26.7,Low
STU0565,Lagos,Public,Female,18,JSS2,6.3,Low,Primary,4,Yes,No,Yes,No,66.1,48.3,46.4,31.6,42.1,No,80.3,High
STU0566,Katsina,Public,Female,14,JSS1,1.0,Low,Tertiary,4,No,No,No,No,82.8,67.2,80.5,80.8,76.2,No,34.9,Low
STU0567,Katsina,Public,Female,18,SS1,13.1,Low,Primary,6,No,No,Yes,No,71.7,65.6,44.7,46.7,52.3,No,43.5,Medium
STU0568,Oyo,Public,Male,12,SS3,5.8,Middle,Primary,5,No,No,No,No,78.4,53.6,42.9,38.2,44.9,No,55.9,Medium
STU0569,Oyo,Public,Female,15,JSS2,1.1,Middle,Primary,5,No,No,Yes,No,81.0,55.4,55.6,55.7,55.6,No,48.5,Medium
STU0570,Sokoto,Public,Female,12,SS3,2.1,Low,Primary,6,Yes,No,Yes,No,74.7,39.5,55.4,56.6,50.5,Yes,56.4,Medium
STU0571,Rivers,Public,Female,12,JSS1,2.4,Middle,Primary,4,Yes,No,Yes,No,68.5,58.3,41.4,41.8,47.2,No,56.4,Medium
STU0572,Plateau,Public,Male,10,JSS3,3.2,Low,None,6,No,No,Yes,No,73.9,41.6,60.1,51.1,50.9,Yes,35.1,Medium
STU0573,Sokoto,Private,Male,14,JSS1,5.2,Middle,Secondary,1,No,No,No,Yes,74.0,50.3,49.0,60.6,53.3,No,55.9,Medium
STU0574,Kano,Public,Female,14,SS3,3.4,Low,None,4,No,No,Yes,No,82.7,43.6,42.0,64.4,50.0,No,48.4,Medium
STU0575,Rivers,Public,Male,13,SS3,4.2,Low,None,3,No,No,No,No,80.1,48.4,50.2,40.6,46.4,No,58.4,Medium
STU0576,Enugu,Public,Female,17,SS2,8.6,High,Tertiary,7,No,No,Yes,No,87.9,60.1,70.7,59.6,63.5,No,12.1,Low
STU0577,Ogun,Private,Male,12,SS2,0.6,Middle,Secondary,5,No,No,Yes,No,88.0,60.6,72.1,67.1,66.6,No,16.0,Low
STU0578,Ogun,Public,Female,12,SS2,2.2,Low,Primary,3,Yes,No,No,No,58.6,32.0,33.2,34.0,33.1,Yes,86.0,High
STU0579,Anambra,Public,Female,15,SS3,3.5,Low,Secondary,6,No,No,Yes,No,80.7,69.5,71.1,70.2,70.3,Yes,37.6,Medium
STU0580,Benue,Public,Female,15,SS1,7.1,Low,Tertiary,1,No,No,Yes,No,78.2,69.0,77.8,55.0,67.3,No,38.3,Medium
STU0581,Benue,Public,Female,10,SS3,3.6,Middle,Primary,0,No,No,Yes,No,78.1,54.5,52.8,56.8,54.7,Yes,23.6,Low
STU0582,Imo,Public,Male,18,SS3,1.0,Low,Primary,0,Yes,No,Yes,Yes,73.4,43.1,55.9,44.6,47.9,No,66.6,High
STU0583,Ogun,Private,Male,17,SS2,5.0,High,Secondary,0,No,Yes,Yes,No,88.4,64.8,64.7,78.2,69.2,No,16.6,Low
STU0584,Anambra,Public,Female,11,JSS2,2.0,Middle,Primary,0,Yes,Yes,Yes,No,73.7,54.1,36.8,54.9,48.6,Yes,54.8,Medium
STU0585,Edo,Private,Male,13,JSS1,3.7,Middle,None,6,No,No,Yes,No,78.7,52.5,47.6,47.0,49.0,No,32.2,Low
STU0586,Plateau,Public,Female,16,SS1,1.6,Low,Secondary,1,No,No,Yes,No,73.9,50.8,65.6,51.8,56.1,No,47.6,Medium
STU0587,Benue,Private,Male,10,SS2,3.6,Middle,Secondary,0,No,No,No,No,81.1,59.6,63.6,57.9,60.4,Yes,25.4,Low
STU0588,Kano,Public,Male,18,JSS1,1.4,Middle,Secondary,2,No,No,No,No,67.9,47.2,50.5,42.6,46.8,No,40.4,Medium
STU0589,Anambra,Public,Male,15,JSS1,0.7,Low,Tertiary,1,No,No,Yes,No,86.4,53.4,64.0,80.8,66.1,Yes,15.9,Low
STU0590,Anambra,Public,Male,14,SS2,2.9,Low,Primary,1,Yes,No,No,No,59.7,13.2,34.6,46.7,31.5,Yes,96.2,High
STU0591,Anambra,Private,Male,17,SS1,7.6,Middle,Secondary,2,No,No,Yes,No,83.3,83.4,46.2,58.7,62.8,Yes,21.6,Low
STU0592,Rivers,Public,Female,18,JSS1,6.4,Middle,Primary,1,Yes,No,Yes,No,82.5,54.4,45.4,34.4,44.7,No,53.1,Medium
STU0593,Kaduna,Public,Male,12,SS1,2.1,Low,Tertiary,4,No,No,Yes,No,87.0,84.9,79.0,61.3,75.1,Yes,27.7,Low
STU0594,Rivers,Public,Female,10,SS1,1.0,Low,Secondary,6,Yes,No,Yes,No,66.4,64.2,68.1,43.6,58.6,No,37.2,Medium
STU0595,Kaduna,Public,Male,17,JSS3,3.9,Low,Primary,3,Yes,No,Yes,No,72.9,65.1,40.4,54.2,53.2,No,71.6,High
STU0596,Rivers,Public,Female,17,JSS3,12.7,Middle,Primary,1,No,No,Yes,Yes,59.4,65.7,61.0,37.4,54.7,Yes,47.6,Medium
STU0597,Rivers,Private,Male,18,JSS3,10.7,Low,None,0,Yes,No,Yes,No,62.7,22.0,18.7,37.5,26.1,No,92.2,High
STU0598,Ogun,Public,Female,15,JSS2,1.5,Low,Tertiary,7,No,Yes,No,No,76.9,74.2,51.3,69.0,64.8,No,33.6,Low
STU0599,Edo,Public,Female,18,SS1,0.8,Low,Tertiary,7,No,No,No,No,80.4,64.3,63.1,41.8,56.4,No,41.3,Medium
STU0600,Imo,Public,Male,16,JSS2,2.0,Middle,Secondary,3,No,No,Yes,No,83.5,65.7,75.4,64.1,68.4,Yes,15.8,Low
STU0601,Anambra,Public,Male,13,SS1,0.6,Low,Secondary,3,Yes,No,No,Yes,68.9,38.0,28.4,48.2,38.2,No,88.0,High
STU0602,Oyo,Public,Male,11,JSS1,2.9,Low,Primary,5,Yes,No,Yes,No,78.5,62.3,55.9,55.7,58.0,Yes,49.4,Medium
STU0603,Benue,Public,Male,15,JSS1,4.2,Middle,None,1,Yes,No,Yes,No,77.9,44.7,41.5,43.7,43.3,Yes,32.2,Low
STU0604,Sokoto,Private,Male,12,JSS3,3.9,Low,Primary,6,Yes,No,No,No,68.6,45.2,47.4,44.5,45.7,No,83.0,High
STU0605,Imo,Public,Male,17,SS1,17.8,Low,None,7,No,No,Yes,No,66.4,46.7,29.6,49.9,42.1,No,59.3,Medium
STU0606,Oyo,Private,Female,17,JSS1,5.4,High,Secondary,4,No,No,Yes,No,92.5,81.7,80.5,66.3,76.2,No,18.5,Low
STU0607,Kano,Public,Male,15,JSS2,1.8,Middle,Primary,6,No,No,No,No,83.7,46.2,50.2,39.7,45.4,Yes,40.7,Medium
STU0608,Katsina,Public,Female,12,JSS2,10.5,Middle,Primary,4,Yes,No,Yes,No,71.8,26.9,47.7,32.5,35.7,Yes,71.6,High
STU0609,Imo,Public,Male,17,JSS1,3.4,Low,Primary,1,No,No,No,No,86.8,58.8,36.8,57.6,51.1,No,31.1,Low
STU0610,Katsina,Public,Female,15,JSS1,5.9,Middle,Secondary,7,No,No,Yes,No,87.5,70.1,67.8,64.8,67.6,Yes,16.5,Low
STU0611,Imo,Private,Female,13,SS2,6.8,Low,Primary,4,Yes,No,Yes,No,61.2,44.2,58.3,37.9,46.8,No,63.1,Medium
STU0612,Plateau,Private,Female,16,SS2,3.8,Low,Secondary,6,No,No,Yes,No,69.9,82.6,40.2,84.5,69.1,Yes,40.6,Medium
STU0613,Edo,Public,Male,14,SS3,7.2,Low,Primary,0,No,No,Yes,Yes,70.0,63.2,64.1,47.8,58.4,Yes,34.0,Low
STU0614,Ogun,Private,Male,14,SS1,1.1,High,Primary,1,No,No,Yes,No,97.2,58.1,62.0,69.7,63.3,Yes,-2.7,Low
STU0615,Kano,Public,Female,17,SS3,3.8,Low,None,1,Yes,No,Yes,No,78.9,51.3,35.5,44.1,43.6,No,57.5,Medium
STU0616,Katsina,Public,Female,12,JSS2,11.3,Low,None,7,No,No,No,No,59.0,33.3,34.0,36.1,34.5,No,82.9,High
STU0617,Oyo,Public,Male,10,JSS3,0.5,Middle,Tertiary,7,Yes,No,Yes,No,74.9,67.1,42.8,66.3,58.7,Yes,36.8,Medium
STU0618,Borno,Private,Female,13,SS3,2.5,Low,None,0,Yes,No,Yes,Yes,68.6,50.4,27.3,38.1,38.6,Yes,80.8,High
STU0619,Imo,Private,Female,16,SS3,1.2,Low,None,2,Yes,No,Yes,No,75.4,43.9,42.1,57.8,47.9,No,70.9,High
STU0620,Plateau,Public,Female,11,SS1,3.8,Low,Secondary,2,No,No,Yes,No,78.8,66.8,61.9,73.8,67.5,Yes,19.6,Low
STU0621,Plateau,Public,Female,16,SS1,1.9,Middle,Secondary,4,No,No,Yes,No,88.7,89.9,75.4,58.1,74.5,Yes,15.9,Low
STU0622,Plateau,Public,Male,12,JSS1,4.8,Middle,Secondary,1,No,No,Yes,Yes,84.6,81.3,81.2,53.1,71.9,No,35.4,Medium
STU0623,Edo,Public,Male,11,SS2,8.1,High,Secondary,6,No,No,No,No,72.1,53.4,42.0,20.8,38.7,No,55.1,Medium
STU0624,Rivers,Public,Female,16,SS2,15.4,Low,Primary,3,Yes,No,Yes,No,61.4,47.0,33.0,33.7,37.9,Yes,76.9,High
STU0625,Imo,Public,Male,16,SS2,2.3,Middle,Tertiary,3,No,No,Yes,No,91.9,62.0,63.6,83.2,69.6,No,-3.7,Low
STU0626,Ogun,Public,Female,12,SS1,3.5,Middle,Primary,3,No,No,Yes,No,97.1,66.1,77.3,55.2,66.2,Yes,6.0,Low
STU0627,Ogun,Public,Male,10,JSS1,2.0,Middle,Secondary,5,No,No,No,No,99.1,61.0,47.1,41.9,50.0,Yes,28.1,Low
STU0628,Plateau,Public,Male,13,JSS2,6.2,Middle,Secondary,1,No,No,Yes,No,82.3,83.0,69.0,73.2,75.1,No,18.3,Low
STU0629,Kano,Public,Female,18,JSS2,2.8,Low,Tertiary,0,Yes,No,Yes,No,71.1,71.4,67.6,63.5,67.5,No,54.5,Medium
STU0630,Kaduna,Private,Male,17,SS1,1.9,Low,Primary,4,No,No,No,No,87.5,50.4,47.6,50.9,49.6,Yes,36.0,Medium
STU0631,Anambra,Private,Male,12,SS1,10.8,High,None,5,No,No,Yes,No,85.0,61.2,68.5,65.4,65.0,No,19.7,Low
STU0632,Plateau,Public,Male,14,JSS1,3.0,Middle,Secondary,0,No,No,No,No,95.7,55.6,56.8,63.5,58.6,No,18.0,Low
STU0633,Rivers,Public,Male,14,SS3,6.7,Middle,Tertiary,5,No,Yes,No,No,80.6,52.8,60.4,60.6,57.9,Yes,31.8,Low
STU0634,Oyo,Public,Female,17,JSS2,8.1,High,Secondary,0,Yes,No,Yes,No,83.8,59.3,71.3,56.4,62.3,No,33.9,Low
STU0635,Sokoto,Public,Male,12,JSS1,1.2,Middle,None,3,No,Yes,Yes,No,88.0,72.3,69.3,59.5,67.0,No,20.5,Low
STU0636,Lagos,Public,Male,10,SS3,17.5,Middle,Secondary,7,Yes,No,Yes,No,54.2,33.8,49.5,41.8,41.7,No,79.8,High
STU0637,Oyo,Public,Male,15,JSS1,1.9,Low,Secondary,3,No,No,Yes,No,73.8,86.3,60.9,62.7,70.0,No,26.4,Low
STU0638,Oyo,Private,Male,11,JSS1,3.2,Low,None,1,Yes,No,Yes,Yes,52.2,27.4,45.4,28.7,33.8,No,94.6,High
STU0639,Rivers,Public,Female,14,JSS2,5.3,Low,Primary,1,Yes,No,Yes,No,70.6,51.3,41.2,54.9,49.1,No,76.8,High
STU0640,Lagos,Public,Male,10,SS1,8.3,Low,Primary,6,Yes,No,Yes,No,62.4,37.2,51.6,45.6,44.8,No,57.5,Medium
STU0641,Imo,Public,Female,13,JSS1,3.4,Middle,None,2,No,No,Yes,No,96.9,60.4,55.0,46.8,54.1,Yes,18.6,Low
STU0642,Kaduna,Private,Male,18,SS1,17.4,Middle,None,6,No,No,No,Yes,65.9,31.7,47.4,46.0,41.7,No,63.5,Medium
STU0643,Enugu,Public,Male,17,JSS3,12.3,Low,None,6,No,No,Yes,No,67.5,37.7,52.2,62.0,50.6,Yes,71.9,High
STU0644,Katsina,Private,Male,14,SS2,1.5,Low,Primary,5,Yes,No,No,No,57.1,34.4,41.0,33.7,36.4,No,84.7,High
STU0645,Kano,Public,Female,10,JSS2,14.6,Middle,Secondary,7,No,Yes,No,No,69.9,60.0,59.3,52.6,57.3,No,45.5,Medium
STU0646,Ogun,Public,Female,17,SS3,4.8,Middle,Tertiary,7,No,No,Yes,Yes,86.8,72.6,69.4,53.6,65.2,No,13.7,Low
STU0647,Sokoto,Public,Male,10,JSS1,7.3,Low,Secondary,1,No,Yes,Yes,No,76.5,72.1,77.1,81.4,76.9,Yes,31.3,Low
STU0648,Sokoto,Public,Female,12,SS2,6.5,Low,Secondary,2,Yes,No,Yes,No,65.3,62.9,59.7,49.4,57.3,No,75.7,High
STU0649,Ogun,Public,Male,14,SS2,16.3,High,Tertiary,2,Yes,No,Yes,No,58.3,67.7,51.7,70.8,63.4,Yes,67.8,High
STU0650,Kano,Public,Male,14,SS2,0.8,Middle,Primary,5,No,No,Yes,No,97.5,56.9,76.3,53.5,62.2,Yes,-0.3,Low
STU0651,Katsina,Public,Female,12,SS3,1.9,Middle,Tertiary,1,No,No,No,No,82.1,69.0,61.7,44.7,58.5,No,33.7,Low
STU0652,Lagos,Public,Male,13,JSS1,2.3,Middle,Primary,0,No,No,Yes,No,84.5,59.4,56.9,54.9,57.1,No,11.1,Low
STU0653,Enugu,Private,Male,13,SS1,6.9,Low,Secondary,1,Yes,No,Yes,No,67.7,51.8,63.5,38.3,51.2,Yes,72.9,High
STU0654,Rivers,Public,Male,11,JSS2,0.9,Low,Secondary,0,Yes,No,No,No,62.6,35.1,42.6,36.1,37.9,Yes,88.0,High
STU0655,Benue,Public,Female,15,SS2,3.4,Low,Secondary,2,No,No,No,Yes,67.8,48.0,55.4,55.3,52.9,Yes,65.7,High
STU0656,Anambra,Private,Male,12,SS3,18.1,Middle,Secondary,2,No,No,Yes,No,65.2,71.0,64.8,57.2,64.3,No,59.1,Medium
STU0657,Lagos,Public,Male,15,SS3,3.5,High,Secondary,0,No,Yes,Yes,No,100.0,83.7,58.7,67.9,70.1,No,4.5,Low
STU0658,Ogun,Public,Male,17,SS2,3.3,Low,Secondary,5,Yes,Yes,Yes,No,71.7,78.8,69.6,39.7,62.7,Yes,56.1,Medium
STU0659,Kaduna,Public,Male,14,JSS2,7.7,Low,Primary,3,Yes,No,Yes,Yes,55.5,33.5,30.8,51.2,38.5,No,98.2,High
STU0660,Katsina,Public,Male,16,SS1,1.4,Middle,Tertiary,1,No,No,No,No,85.1,55.3,40.0,63.1,52.8,Yes,28.9,Low
STU0661,Rivers,Public,Male,12,SS2,3.8,Middle,Secondary,3,No,No,No,No,85.6,68.0,56.6,44.9,56.5,No,21.3,Low
STU0662,Rivers,Public,Female,17,JSS1,2.5,Low,Primary,4,No,Yes,No,No,81.1,54.4,30.9,55.6,47.0,No,51.0,Medium
STU0663,Kano,Public,Male,13,SS3,5.4,Middle,Tertiary,0,No,No,Yes,No,92.7,77.9,70.2,59.4,69.2,Yes,21.9,Low
STU0664,Imo,Public,Female,12,SS3,6.6,Middle,Primary,0,No,No,Yes,No,85.1,45.3,63.5,58.8,55.9,Yes,27.1,Low
STU0665,Ogun,Private,Male,17,SS2,4.3,Low,Primary,4,Yes,Yes,No,No,55.9,30.5,38.2,59.3,42.7,No,86.4,High
STU0666,Imo,Public,Female,15,JSS1,1.3,Low,None,5,Yes,No,Yes,No,54.2,45.3,33.2,24.4,34.3,Yes,82.5,High
STU0667,Kaduna,Public,Male,13,JSS3,1.9,Middle,Tertiary,7,Yes,No,Yes,No,72.8,61.4,66.8,71.2,66.5,Yes,32.3,Low
STU0668,Enugu,Public,Male,18,SS1,5.5,High,Primary,6,No,No,Yes,No,96.1,69.3,74.0,49.2,64.2,No,10.0,Low
STU0669,Imo,Public,Male,17,SS3,3.9,Middle,Tertiary,7,No,No,No,No,72.7,50.6,63.8,62.8,59.1,Yes,21.3,Low
STU0670,Kaduna,Private,Female,17,JSS3,3.7,Middle,Secondary,2,No,No,Yes,No,78.8,60.6,44.1,53.3,52.7,No,13.5,Low
STU0671,Borno,Public,Female,14,SS3,2.3,Low,None,1,Yes,No,Yes,No,72.0,34.3,49.9,36.8,40.3,No,71.4,High
STU0672,Oyo,Public,Female,10,SS1,1.2,Low,None,6,No,No,No,No,71.3,32.3,43.0,41.3,38.9,No,49.6,Medium
STU0673,Imo,Public,Male,18,SS3,2.5,Low,Secondary,3,No,Yes,Yes,No,79.5,78.0,74.3,60.6,71.0,Yes,17.3,Low
STU0674,Lagos,Public,Male,13,JSS2,8.6,Middle,Secondary,6,No,No,Yes,No,74.7,58.6,60.6,60.7,60.0,No,30.2,Low
STU0675,Lagos,Public,Male,18,JSS1,2.2,Middle,None,3,No,No,Yes,No,90.7,74.3,40.8,49.5,54.9,No,12.1,Low
STU0676,Imo,Public,Male,11,JSS3,2.1,Middle,Secondary,0,No,No,Yes,No,91.8,51.4,87.1,74.6,71.0,No,31.4,Low
STU0677,Benue,Private,Female,13,SS2,1.8,Low,None,6,No,No,Yes,No,85.3,66.8,53.3,55.7,58.6,Yes,25.8,Low
STU0678,Edo,Public,Female,13,JSS2,0.6,Middle,Secondary,4,No,No,Yes,Yes,82.0,70.7,67.3,68.0,68.7,No,32.0,Low
STU0679,Anambra,Public,Female,12,JSS1,2.6,Low,Secondary,5,No,No,Yes,No,75.1,55.9,46.9,52.2,51.7,Yes,43.3,Medium
STU0680,Katsina,Public,Female,17,JSS3,6.9,Middle,Secondary,4,No,No,Yes,No,85.9,81.4,67.3,67.8,72.2,Yes,21.7,Low
STU0681,Katsina,Public,Female,16,SS3,1.5,Low,Secondary,5,No,No,No,No,87.1,57.0,43.4,29.3,43.2,No,59.4,Medium
STU0682,Enugu,Public,Female,14,JSS3,6.7,Low,Tertiary,6,Yes,No,Yes,No,57.5,51.3,56.4,45.4,51.0,No,72.2,High
STU0683,Kaduna,Public,Male,13,SS1,3.9,Middle,Secondary,3,No,No,Yes,No,94.3,82.6,67.3,78.1,76.0,Yes,16.0,Low
STU0684,Imo,Public,Female,14,JSS3,3.6,Middle,Tertiary,1,No,No,Yes,No,80.5,76.9,71.8,73.4,74.0,Yes,18.1,Low
STU0685,Ogun,Private,Male,18,JSS3,3.5,Low,None,1,Yes,No,No,No,61.1,37.0,21.8,22.4,27.1,No,97.6,High
STU0686,Benue,Public,Male,11,SS2,4.7,Low,None,7,No,No,Yes,No,80.6,35.0,65.5,49.0,49.8,No,31.8,Low
STU0687,Lagos,Private,Female,13,SS3,0.9,Low,Primary,5,Yes,No,Yes,Yes,72.3,56.7,41.7,37.1,45.2,Yes,74.0,High
STU0688,Sokoto,Public,Male,13,JSS2,1.3,Low,Secondary,6,No,No,Yes,No,82.2,72.3,52.5,60.8,61.9,No,24.9,Low
STU0689,Borno,Public,Male,10,SS2,7.0,High,Tertiary,0,Yes,No,No,No,80.2,63.9,45.9,71.7,60.5,Yes,50.4,Medium
STU0690,Borno,Public,Male,11,SS2,0.7,Low,Secondary,5,No,No,Yes,No,88.1,61.7,59.8,62.9,61.5,No,12.9,Low
STU0691,Enugu,Public,Female,15,SS3,4.9,Middle,Primary,5,No,No,No,No,75.3,49.6,44.7,32.8,42.4,Yes,54.8,Medium
STU0692,Kano,Private,Male,12,JSS2,1.9,Middle,Secondary,5,No,No,Yes,Yes,87.6,66.8,58.5,53.0,59.4,Yes,22.3,Low
STU0693,Sokoto,Public,Male,12,SS2,1.9,Low,Primary,7,Yes,No,Yes,No,69.6,31.3,51.9,31.7,38.3,No,77.6,High
STU0694,Enugu,Public,Male,10,JSS2,0.8,Middle,Primary,5,No,Yes,Yes,No,98.3,72.7,72.1,74.8,73.2,No,7.5,Low
STU0695,Ogun,Private,Female,17,JSS2,1.7,Low,Secondary,4,No,No,Yes,No,82.1,68.2,77.1,53.7,66.3,No,24.0,Low
STU0696,Delta,Public,Female,14,SS3,1.0,Middle,Primary,5,No,No,Yes,No,84.1,58.9,61.5,43.4,54.6,Yes,12.0,Low
STU0697,Kaduna,Public,Male,12,JSS1,2.2,Middle,Primary,3,No,No,Yes,No,86.4,66.6,56.8,37.7,53.7,No,24.6,Low
STU0698,Imo,Public,Male,12,SS2,11.9,Low,Secondary,0,Yes,No,Yes,No,50.3,55.0,41.9,49.2,48.7,No,84.6,High
STU0699,Borno,Public,Male,15,JSS3,3.3,Middle,Primary,3,No,No,Yes,No,89.7,72.3,48.5,57.6,59.5,No,13.7,Low
STU0700,Kaduna,Public,Female,10,SS3,1.0,Middle,Secondary,2,No,No,No,No,85.4,40.7,53.0,56.5,50.1,No,29.0,Low
STU0701,Rivers,Public,Female,17,SS1,3.6,Low,Primary,6,Yes,Yes,Yes,No,69.2,57.2,59.8,51.1,56.0,No,50.1,Medium
STU0702,Benue,Private,Male,18,SS1,2.0,Low,None,6,No,No,Yes,No,76.5,68.7,44.9,23.5,45.7,No,40.4,Medium
STU0703,Lagos,Private,Male,14,SS1,0.6,Middle,Primary,7,No,No,No,No,97.0,62.3,60.4,33.6,52.1,Yes,28.9,Low
STU0704,Borno,Public,Female,15,JSS3,4.1,High,Secondary,4,No,No,Yes,No,87.3,75.3,37.9,76.2,63.1,No,18.9,Low
STU0705,Katsina,Private,Female,15,JSS2,0.7,Low,Secondary,7,Yes,No,Yes,Yes,59.3,59.4,52.3,29.1,46.9,Yes,88.0,High
STU0706,Kaduna,Public,Male,16,JSS3,8.3,Middle,Tertiary,3,No,No,No,Yes,68.8,60.8,44.1,56.4,53.8,No,45.3,Medium
STU0707,Ogun,Public,Male,10,JSS1,1.0,Low,Tertiary,4,No,No,Yes,Yes,79.1,61.8,68.9,53.9,61.5,Yes,33.8,Low
STU0708,Enugu,Public,Female,18,JSS1,8.9,Low,None,2,No,No,No,No,73.9,41.5,43.4,59.0,48.0,No,67.8,High
STU0709,Oyo,Public,Female,15,SS3,1.1,High,Tertiary,7,No,No,No,No,88.5,61.3,52.4,52.4,55.4,No,27.7,Low
STU0710,Anambra,Public,Female,15,JSS3,8.1,Low,Primary,6,Yes,No,Yes,No,68.6,52.0,66.6,66.3,61.6,No,52.9,Medium
STU0711,Anambra,Public,Male,17,SS3,1.2,Low,Tertiary,0,No,No,Yes,No,80.5,70.9,53.0,74.1,66.0,Yes,24.0,Low
STU0712,Katsina,Public,Male,17,SS1,3.7,High,Primary,6,No,No,Yes,No,95.8,73.5,63.1,70.5,69.0,Yes,-2.0,Low
STU0713,Anambra,Public,Male,12,JSS2,3.7,Low,Secondary,6,Yes,No,Yes,No,66.2,32.9,45.4,41.2,39.8,Yes,80.5,High
STU0714,Borno,Private,Female,12,JSS3,1.4,High,Primary,4,No,No,Yes,No,99.2,51.0,66.4,75.6,64.3,No,10.6,Low
STU0715,Anambra,Public,Female,10,JSS1,7.6,Low,Primary,7,No,No,Yes,No,68.4,71.3,44.9,49.5,55.2,Yes,49.0,Medium
STU0716,Sokoto,Public,Female,17,JSS1,0.5,Low,None,6,Yes,No,Yes,No,72.7,53.2,31.0,32.7,39.0,No,75.3,High
STU0717,Rivers,Public,Male,11,SS2,3.2,Middle,Secondary,2,No,No,No,No,92.8,44.4,62.6,56.9,54.6,Yes,28.8,Low
STU0718,Benue,Public,Male,15,SS2,11.3,Low,Tertiary,6,Yes,No,Yes,No,49.2,57.6,45.3,61.4,54.8,Yes,69.3,High
STU0719,Imo,Private,Female,13,JSS3,8.7,Low,Secondary,3,No,No,Yes,No,75.2,57.1,72.1,47.6,58.9,No,32.2,Low
STU0720,Benue,Public,Female,18,JSS2,2.4,Low,Primary,2,Yes,No,No,No,53.9,37.1,24.6,27.4,29.7,No,89.5,High
STU0721,Lagos,Public,Female,10,SS1,1.1,Low,None,0,Yes,No,Yes,No,69.6,38.1,23.2,42.9,34.7,No,81.9,High
STU0722,Enugu,Public,Female,11,SS3,5.3,Low,Primary,2,Yes,No,Yes,No,66.0,37.1,51.6,47.9,45.5,No,71.7,High
STU0723,Kano,Public,Male,12,JSS2,4.6,Low,Secondary,4,No,No,Yes,No,88.5,64.1,72.1,73.5,69.9,Yes,36.7,Medium
STU0724,Kano,Public,Female,16,JSS3,1.4,Low,Primary,0,Yes,No,Yes,No,73.9,63.1,59.8,44.6,55.8,Yes,56.5,Medium
STU0725,Oyo,Public,Female,13,SS2,5.3,Low,Secondary,4,No,No,Yes,No,85.2,65.0,82.9,70.3,72.7,Yes,15.1,Low
STU0726,Oyo,Public,Female,18,JSS3,2.7,Middle,Tertiary,4,No,No,No,No,96.7,71.9,68.9,54.6,65.1,Yes,0.4,Low
STU0727,Delta,Public,Female,18,JSS1,2.5,Middle,Secondary,2,No,No,Yes,No,93.6,67.6,71.4,58.4,65.8,Yes,11.1,Low
STU0728,Kano,Public,Male,11,SS2,3.9,Low,Primary,4,No,Yes,Yes,No,88.8,79.5,65.7,74.1,73.1,Yes,24.6,Low
STU0729,Sokoto,Private,Female,14,SS3,4.3,Low,Secondary,1,Yes,No,Yes,No,71.1,43.1,42.3,45.5,43.6,No,58.9,Medium
STU0730,Anambra,Private,Female,13,SS1,3.4,Middle,Secondary,1,No,No,Yes,No,100.0,68.0,66.0,67.9,67.3,Yes,9.4,Low
STU0731,Delta,Public,Male,14,JSS3,6.8,High,Primary,3,No,No,No,No,86.4,39.8,35.1,50.8,41.9,No,35.6,Medium
STU0732,Ogun,Private,Male,15,JSS2,2.2,Middle,Primary,1,No,No,Yes,No,79.8,69.1,61.2,69.7,66.7,No,18.3,Low
STU0733,Anambra,Public,Male,11,JSS3,0.9,Middle,None,3,No,No,Yes,Yes,77.7,64.5,40.5,44.9,50.0,No,33.9,Low
STU0734,Katsina,Public,Male,18,SS1,0.6,Low,Secondary,0,No,No,Yes,No,82.8,67.0,74.3,60.5,67.3,Yes,23.5,Low
STU0735,Rivers,Public,Male,16,JSS1,4.6,Low,Secondary,6,No,No,No,Yes,75.5,43.3,57.9,38.4,46.5,Yes,61.3,Medium
STU0736,Delta,Public,Male,15,SS1,5.3,Low,Tertiary,4,Yes,No,Yes,No,71.7,73.0,70.2,57.2,66.8,No,51.5,Medium
STU0737,Sokoto,Public,Female,14,JSS2,2.1,Low,Primary,6,Yes,No,Yes,No,75.3,53.3,42.3,52.1,49.2,No,55.3,Medium
STU0738,Kaduna,Public,Female,15,JSS1,1.2,Middle,Primary,4,No,Yes,Yes,No,95.1,58.3,77.3,78.6,71.4,No,4.8,Low
STU0739,Anambra,Public,Female,12,SS3,4.2,Middle,Primary,3,No,No,Yes,No,81.9,62.9,54.4,52.6,56.6,No,18.9,Low
STU0740,Ogun,Public,Male,13,JSS1,1.5,Low,Secondary,2,Yes,No,Yes,No,62.5,56.8,53.9,34.4,48.4,Yes,73.0,High
STU0741,Delta,Public,Male,11,JSS3,5.3,Low,Secondary,3,No,No,Yes,No,85.2,67.9,71.0,74.3,71.1,No,39.4,Medium
STU0742,Enugu,Public,Female,13,SS1,1.6,Middle,Secondary,4,No,No,Yes,No,78.0,83.2,70.1,76.0,76.4,No,27.2,Low
STU0743,Kano,Public,Female,14,SS1,3.6,Low,Secondary,3,No,No,Yes,No,78.6,68.3,63.2,46.5,59.3,No,31.1,Low
STU0744,Kaduna,Private,Female,12,JSS1,3.8,High,Secondary,1,No,No,Yes,No,90.1,67.7,78.5,59.6,68.6,No,16.1,Low
STU0745,Plateau,Public,Female,18,JSS2,18.9,Low,Primary,5,No,No,No,No,56.5,36.1,39.5,39.5,38.4,No,61.9,Medium
STU0746,Imo,Public,Male,18,SS3,0.5,Low,Tertiary,6,No,No,Yes,No,84.0,85.5,73.0,63.5,74.0,No,22.8,Low
STU0747,Katsina,Private,Male,13,SS3,16.8,High,Tertiary,7,No,No,Yes,No,67.0,68.9,60.2,60.0,63.0,No,41.2,Medium
STU0748,Benue,Private,Female,14,SS2,4.1,Middle,Tertiary,5,No,No,Yes,No,81.2,68.1,65.3,60.0,64.5,Yes,14.0,Low
STU0749,Imo,Private,Female,12,JSS1,0.5,Low,Secondary,6,No,No,Yes,No,84.2,76.6,70.7,39.9,62.4,No,17.8,Low
STU0750,Delta,Private,Male,12,SS1,1.4,Low,Tertiary,7,Yes,No,Yes,No,66.7,54.3,60.5,65.8,60.2,Yes,64.7,Medium
STU0751,Edo,Private,Male,16,JSS2,12.2,Middle,Tertiary,3,No,No,Yes,No,68.6,80.3,61.4,70.3,70.7,No,24.0,Low
STU0752,Katsina,Public,Female,18,JSS3,1.5,Middle,Primary,1,Yes,No,No,No,74.6,45.1,40.5,26.4,37.3,Yes,66.2,High
STU0753,Edo,Public,Female,16,JSS1,2.3,Middle,Tertiary,1,Yes,No,No,No,72.2,52.8,52.2,46.5,50.5,No,52.6,Medium
STU0754,Sokoto,Public,Male,10,JSS1,3.0,Low,Primary,3,Yes,No,Yes,No,73.3,52.8,54.3,58.1,55.1,Yes,60.2,Medium
STU0755,Edo,Public,Male,17,SS3,8.0,Low,Secondary,2,Yes,No,No,No,55.4,23.0,38.4,25.7,29.0,No,109.9,High
STU0756,Katsina,Public,Female,13,JSS1,6.9,Middle,Secondary,2,No,No,No,Yes,77.0,38.7,43.8,39.8,40.8,Yes,52.6,Medium
STU0757,Kano,Public,Male,17,SS2,4.6,Low,Secondary,1,Yes,No,Yes,No,67.5,63.4,60.0,57.6,60.3,No,57.2,Medium
STU0758,Katsina,Public,Female,11,JSS1,12.2,Middle,Primary,6,Yes,No,Yes,No,71.3,49.2,49.8,52.3,50.4,No,50.4,Medium
STU0759,Katsina,Private,Male,14,JSS3,1.3,Low,None,4,No,Yes,No,No,80.9,44.7,41.9,48.6,45.1,Yes,45.0,Medium
STU0760,Ogun,Public,Male,14,JSS1,2.1,Low,Secondary,3,No,Yes,No,No,78.9,58.6,72.3,57.5,62.8,No,27.3,Low
STU0761,Oyo,Private,Male,15,JSS2,5.5,Middle,None,6,Yes,No,Yes,No,73.3,49.7,46.0,36.0,43.9,Yes,63.8,Medium
STU0762,Katsina,Public,Female,18,JSS2,0.8,Low,Secondary,2,Yes,No,Yes,Yes,62.0,60.0,56.9,58.3,58.4,Yes,75.8,High
STU0763,Imo,Public,Female,16,JSS3,4.6,High,Primary,5,No,No,Yes,No,97.8,51.4,61.2,53.2,55.3,No,7.0,Low
STU0764,Katsina,Public,Male,14,SS1,1.0,Low,Secondary,0,Yes,No,No,No,69.6,47.0,34.8,54.2,45.3,Yes,82.2,High
STU0765,Benue,Public,Male,14,SS3,4.2,Middle,Secondary,7,No,No,No,No,92.1,56.3,67.4,49.8,57.8,Yes,9.8,Low
STU0766,Kano,Public,Female,10,JSS2,1.0,Middle,Secondary,2,No,No,Yes,No,92.0,76.4,57.6,56.6,63.5,Yes,9.4,Low
STU0767,Kaduna,Private,Female,11,JSS1,2.8,Low,None,2,No,No,Yes,No,88.3,65.7,45.5,43.8,51.7,No,33.8,Low
STU0768,Rivers,Public,Male,14,SS3,1.2,Middle,Secondary,5,No,Yes,Yes,Yes,72.1,52.0,62.7,72.5,62.4,Yes,9.0,Low
STU0769,Oyo,Private,Female,10,JSS1,5.4,Low,Secondary,5,Yes,No,Yes,No,60.4,39.5,51.6,44.9,45.3,No,87.3,High
STU0770,Borno,Public,Male,15,JSS3,1.7,Middle,Secondary,1,No,No,Yes,No,84.3,67.6,60.8,72.3,66.9,No,11.7,Low
STU0771,Kano,Private,Male,13,JSS1,0.8,Low,Secondary,0,Yes,No,Yes,No,69.3,50.3,65.9,52.8,56.3,Yes,55.9,Medium
STU0772,Borno,Public,Male,12,SS1,7.6,Low,Tertiary,7,Yes,Yes,Yes,No,65.4,67.1,55.7,65.5,62.8,No,75.6,High
STU0773,Lagos,Public,Female,11,JSS2,9.6,Low,Tertiary,0,Yes,No,Yes,No,62.8,67.4,58.7,44.9,57.0,No,69.8,High
STU0774,Plateau,Private,Male,16,JSS3,0.5,Low,Secondary,0,No,No,Yes,No,91.2,56.8,53.3,70.3,60.1,Yes,30.1,Low
STU0775,Delta,Public,Male,15,SS1,0.9,Low,Secondary,1,No,No,Yes,No,83.0,74.3,69.8,63.2,69.1,Yes,33.3,Low
STU0776,Borno,Public,Male,16,JSS1,3.2,Low,Tertiary,0,No,No,No,Yes,64.6,51.3,59.6,25.1,45.3,Yes,70.2,High
STU0777,Anambra,Public,Female,17,SS3,11.0,Low,Primary,6,No,No,Yes,No,68.6,61.6,59.8,59.5,60.3,No,47.1,Medium
STU0778,Borno,Public,Male,18,SS3,2.8,Low,Primary,4,No,No,Yes,No,80.8,67.8,62.5,66.4,65.6,No,50.5,Medium
STU0779,Anambra,Public,Female,13,JSS3,2.2,Middle,None,3,Yes,No,Yes,No,76.3,55.8,31.0,35.3,40.7,Yes,51.1,Medium
STU0780,Imo,Private,Female,10,SS3,8.5,Low,Secondary,7,Yes,No,No,No,56.0,26.5,35.2,28.2,30.0,No,100.7,High
STU0781,Enugu,Public,Male,12,JSS1,7.8,High,Primary,1,Yes,No,Yes,No,79.6,43.5,45.8,63.5,50.9,No,50.2,Medium
STU0782,Borno,Private,Female,13,JSS3,4.3,Low,Primary,7,Yes,No,No,No,60.7,40.1,45.0,18.7,34.6,Yes,84.3,High
STU0783,Katsina,Public,Female,18,SS1,3.8,Low,None,3,No,Yes,Yes,No,77.9,57.3,57.1,50.4,54.9,No,51.2,Medium
STU0784,Edo,Public,Male,14,SS2,3.9,Middle,Secondary,5,No,No,Yes,No,75.6,85.2,60.0,57.8,67.7,Yes,7.9,Low
STU0785,Benue,Private,Female,16,SS1,2.0,Middle,Tertiary,7,No,No,Yes,No,87.9,77.3,70.0,82.9,76.7,Yes,12.6,Low
STU0786,Lagos,Public,Male,14,SS1,4.0,Low,Secondary,1,No,No,No,No,68.6,36.9,37.9,49.5,41.4,Yes,71.1,High
STU0787,Sokoto,Public,Female,15,JSS2,0.8,Low,Secondary,1,No,No,Yes,Yes,74.5,62.2,53.6,58.3,58.0,No,36.1,Medium
STU0788,Ogun,Public,Female,12,JSS2,4.5,Middle,Primary,2,No,No,Yes,No,80.6,52.8,57.2,66.1,58.7,Yes,21.4,Low
STU0789,Rivers,Private,Male,10,JSS1,1.4,Middle,None,1,No,No,Yes,No,84.9,66.5,48.9,30.9,48.8,No,44.7,Medium
STU0790,Edo,Private,Male,13,SS2,4.1,Low,None,7,No,No,Yes,No,83.4,51.1,62.2,62.6,58.6,Yes,16.0,Low
STU0791,Katsina,Private,Female,14,JSS3,1.2,Middle,Secondary,2,No,No,No,No,82.2,39.4,86.4,51.1,59.0,No,25.4,Low
STU0792,Sokoto,Public,Female,11,JSS2,5.7,High,Tertiary,5,No,No,No,No,79.4,51.5,39.5,55.3,48.8,Yes,38.2,Medium
STU0793,Delta,Public,Male,16,SS3,2.0,Low,Secondary,7,Yes,No,Yes,No,75.0,57.5,58.7,61.8,59.3,No,47.0,Medium
STU0794,Lagos,Public,Female,10,JSS3,1.6,Low,None,2,Yes,No,Yes,No,69.7,51.4,69.0,42.1,54.2,No,56.1,Medium
STU0795,Edo,Public,Male,17,JSS3,3.6,Middle,Primary,4,No,No,Yes,No,80.7,48.8,48.8,59.4,52.3,No,21.3,Low
STU0796,Plateau,Public,Female,16,SS2,1.5,Middle,Primary,0,No,No,No,No,88.8,44.4,60.9,51.6,52.3,No,32.7,Low
STU0797,Imo,Public,Female,15,JSS1,5.0,Low,Tertiary,5,No,No,Yes,No,82.1,75.6,73.7,48.3,65.9,Yes,20.8,Low
STU0798,Katsina,Private,Male,11,JSS2,3.9,Middle,Primary,6,Yes,Yes,Yes,No,76.5,64.5,51.0,48.3,54.6,No,43.8,Medium
STU0799,Benue,Public,Female,15,JSS3,2.1,Middle,Tertiary,2,Yes,No,No,No,64.2,55.9,40.7,42.5,46.4,No,70.0,High
STU0800,Imo,Public,Female,14,SS3,1.5,Middle,Primary,2,No,Yes,Yes,Yes,74.9,41.4,63.8,46.9,50.7,No,38.0,Medium
STU0801,Katsina,Private,Female,11,SS2,7.2,Low,Tertiary,5,Yes,No,Yes,No,58.3,58.5,65.1,47.9,57.2,No,55.5,Medium
STU0802,Katsina,Private,Female,17,SS1,11.1,High,Tertiary,7,No,No,Yes,No,78.0,45.3,82.8,68.0,65.4,No,41.1,Medium
STU0803,Sokoto,Public,Male,18,JSS1,2.3,Low,Secondary,2,Yes,No,No,No,65.0,53.5,54.1,41.0,49.5,No,83.9,High
STU0804,Kano,Private,Male,18,JSS1,5.7,Middle,Primary,5,No,No,Yes,No,85.3,77.4,54.8,45.2,59.1,No,15.4,Low
STU0805,Kaduna,Public,Male,16,JSS2,3.9,Low,Primary,2,Yes,Yes,Yes,No,71.8,62.6,55.2,13.3,43.7,Yes,55.9,Medium
STU0806,Edo,Public,Female,13,JSS3,1.8,Low,None,5,No,No,Yes,No,95.7,56.0,64.6,56.4,59.0,No,22.1,Low
STU0807,Anambra,Public,Male,12,SS1,1.4,Low,Primary,0,No,No,Yes,No,81.5,65.1,61.8,42.7,56.5,Yes,38.5,Medium
STU0808,Kaduna,Public,Female,15,JSS3,2.4,Middle,Primary,3,No,No,Yes,No,95.7,74.3,71.3,62.3,69.3,No,3.6,Low
STU0809,Rivers,Private,Male,14,JSS1,8.0,Low,None,7,No,Yes,No,No,73.3,32.0,20.0,33.2,28.4,No,67.5,High
STU0810,Rivers,Public,Female,17,JSS1,0.8,Low,Secondary,7,Yes,No,Yes,No,71.4,48.0,52.1,41.8,47.3,No,57.3,Medium
STU0811,Katsina,Private,Female,13,JSS1,0.9,Low,Secondary,1,No,No,Yes,No,85.7,62.0,78.2,56.0,65.4,No,26.9,Low
STU0812,Kaduna,Public,Male,13,SS3,2.6,Low,Tertiary,5,Yes,No,Yes,No,71.6,67.6,58.0,65.5,63.7,No,54.6,Medium
STU0813,Kaduna,Public,Female,12,SS1,11.6,Low,Tertiary,7,Yes,No,Yes,No,49.2,48.6,40.6,53.3,47.5,No,97.5,High
STU0814,Benue,Public,Male,15,JSS3,2.9,Middle,Primary,7,No,No,Yes,No,78.5,68.6,56.3,64.5,63.1,Yes,25.4,Low
STU0815,Anambra,Public,Male,11,SS3,2.1,Middle,Tertiary,0,No,No,Yes,No,97.7,69.5,89.2,71.6,76.8,No,10.9,Low
STU0816,Lagos,Public,Female,10,JSS3,4.2,Low,Secondary,2,Yes,No,Yes,No,70.9,51.5,57.3,51.5,53.4,No,66.2,High
STU0817,Katsina,Public,Male,18,SS3,3.7,High,Secondary,3,No,No,No,No,97.2,60.8,64.8,48.0,57.9,Yes,12.8,Low
STU0818,Benue,Public,Female,13,SS3,4.1,Low,Primary,4,No,No,Yes,No,81.7,56.4,56.1,62.2,58.2,Yes,23.5,Low
STU0819,Kano,Public,Female,16,JSS3,3.2,Low,Secondary,2,No,No,Yes,No,74.6,69.3,57.6,59.5,62.1,Yes,33.9,Low
STU0820,Kano,Private,Female,10,SS2,10.7,Middle,None,3,No,Yes,Yes,No,78.4,49.8,47.0,65.7,54.2,No,34.3,Low
STU0821,Ogun,Public,Female,13,SS1,2.0,Low,Secondary,7,Yes,Yes,Yes,No,73.2,55.1,59.8,42.0,52.3,Yes,78.0,High
STU0822,Delta,Private,Female,12,JSS1,9.4,Low,Primary,5,No,No,Yes,No,67.8,48.5,53.2,75.9,59.2,Yes,49.5,Medium
STU0823,Lagos,Public,Female,16,JSS3,1.6,Middle,Primary,7,No,No,Yes,No,84.2,76.2,62.7,55.3,64.7,No,7.1,Low
STU0824,Edo,Private,Female,14,JSS2,11.3,Middle,Tertiary,1,No,No,Yes,No,83.9,75.8,69.4,57.5,67.6,No,32.6,Low
STU0825,Katsina,Public,Female,12,JSS3,3.6,Low,Primary,5,Yes,No,Yes,No,67.7,43.4,50.0,60.5,51.3,No,59.7,Medium
STU0826,Anambra,Public,Male,11,JSS1,5.6,Low,Primary,0,No,No,Yes,No,74.1,47.7,46.5,65.3,53.2,No,39.7,Medium
STU0827,Oyo,Public,Female,13,SS3,1.4,Low,Primary,3,Yes,No,No,No,73.3,40.5,38.8,30.4,36.6,No,72.7,High
STU0828,Plateau,Public,Male,16,JSS1,1.3,Low,Tertiary,5,Yes,No,No,No,57.9,53.2,47.1,34.5,44.9,No,83.3,High
STU0829,Borno,Private,Female,14,SS2,2.7,High,Secondary,6,No,No,Yes,No,91.2,72.2,62.2,56.7,63.7,No,17.7,Low
STU0830,Ogun,Private,Male,11,JSS3,4.4,Middle,Secondary,5,No,No,No,No,72.7,59.4,56.8,32.1,49.4,No,32.6,Low
STU0831,Delta,Private,Male,10,SS3,2.0,Low,Secondary,1,Yes,No,Yes,No,65.6,53.5,45.5,65.7,54.9,No,61.4,Medium
STU0832,Kaduna,Private,Female,12,JSS1,4.6,Middle,Primary,3,No,No,Yes,No,87.4,44.8,58.1,73.8,58.9,Yes,6.4,Low
STU0833,Plateau,Public,Female,11,JSS2,1.2,Low,Secondary,5,Yes,No,No,Yes,63.2,34.0,54.7,44.1,44.3,No,88.0,High
STU0834,Anambra,Public,Female,11,JSS1,10.2,Low,None,0,No,No,Yes,No,64.8,48.0,44.4,32.8,41.7,Yes,54.7,Medium
STU0835,Rivers,Public,Male,14,JSS2,3.4,Middle,Primary,2,No,No,Yes,No,90.7,53.0,60.8,63.5,59.1,Yes,13.7,Low
STU0836,Imo,Private,Female,18,SS1,6.6,Middle,Tertiary,0,No,No,Yes,No,98.8,81.0,63.7,72.9,72.5,Yes,22.5,Low
STU0837,Sokoto,Public,Male,11,SS2,8.2,Middle,Primary,3,No,No,Yes,No,86.2,68.1,58.0,54.5,60.2,No,3.0,Low
STU0838,Benue,Private,Male,18,SS1,3.9,Low,Secondary,0,No,No,Yes,No,82.2,75.8,61.5,63.8,67.0,Yes,18.7,Low
STU0839,Anambra,Public,Male,17,SS3,0.7,Low,Primary,5,No,No,Yes,No,88.4,51.2,60.8,65.8,59.3,No,28.0,Low
STU0840,Rivers,Private,Male,14,JSS1,6.1,Low,None,3,No,No,Yes,No,69.3,67.2,56.2,50.5,58.0,No,43.4,Medium
STU0841,Oyo,Public,Female,17,JSS2,1.3,High,Secondary,6,No,No,Yes,No,99.6,78.2,77.2,66.3,73.9,No,11.9,Low
STU0842,Katsina,Private,Female,15,SS2,1.2,Middle,Secondary,2,No,No,No,No,76.2,39.3,56.2,65.2,53.6,No,41.6,Medium
STU0843,Borno,Public,Female,17,JSS2,1.2,Middle,Secondary,0,No,No,Yes,No,96.2,54.4,77.9,65.6,66.0,Yes,5.6,Low
STU0844,Ogun,Public,Male,10,JSS2,7.6,Middle,Secondary,7,No,No,Yes,No,79.3,57.1,40.2,62.7,53.3,Yes,39.6,Medium
STU0845,Edo,Public,Male,15,JSS3,5.9,Middle,Tertiary,3,Yes,No,No,No,71.4,71.7,34.4,66.3,57.5,Yes,62.0,Medium
STU0846,Sokoto,Public,Male,17,JSS2,5.6,Low,Primary,6,Yes,No,No,No,68.9,38.5,45.8,42.4,42.2,Yes,74.8,High
STU0847,Enugu,Public,Female,12,SS1,2.6,Low,Primary,7,Yes,No,Yes,No,66.3,46.7,29.2,44.9,40.3,No,86.5,High
STU0848,Plateau,Public,Female,14,JSS1,0.5,Low,None,3,No,No,Yes,No,76.9,49.2,45.3,42.9,45.8,Yes,47.7,Medium
STU0849,Borno,Public,Female,11,SS2,4.6,Low,Secondary,0,No,No,Yes,No,80.1,67.6,43.9,39.4,50.3,No,25.3,Low
STU0850,Borno,Private,Male,14,JSS3,1.9,Low,Secondary,2,No,No,Yes,No,84.4,61.6,63.6,54.5,59.9,No,26.8,Low
STU0851,Anambra,Private,Female,18,SS1,3.2,Low,Primary,2,No,No,Yes,No,77.1,64.4,46.5,63.2,58.0,Yes,22.9,Low
STU0852,Rivers,Public,Female,18,JSS2,3.3,Middle,Tertiary,1,No,No,No,No,77.9,76.0,47.0,34.2,52.4,No,40.5,Medium
STU0853,Benue,Public,Female,14,JSS2,3.6,Low,Primary,2,No,No,No,No,74.2,41.4,48.0,63.4,50.9,Yes,52.8,Medium
STU0854,Benue,Public,Female,14,JSS1,2.3,Low,None,6,No,No,Yes,No,71.5,49.8,40.0,52.5,47.4,Yes,67.9,High
STU0855,Lagos,Private,Female,11,JSS2,1.4,Middle,Secondary,6,Yes,No,Yes,No,74.1,70.8,61.6,46.1,59.5,No,38.2,Medium
STU0856,Sokoto,Public,Male,11,SS3,2.0,Middle,Tertiary,5,No,No,Yes,No,93.9,80.8,85.8,72.1,79.6,No,2.7,Low
STU0857,Sokoto,Public,Male,18,SS3,1.6,Middle,Secondary,2,No,No,Yes,No,97.7,80.4,67.7,77.3,75.1,No,0.9,Low
STU0858,Enugu,Public,Male,10,JSS2,2.0,Middle,Tertiary,2,No,No,Yes,No,99.6,79.6,69.1,68.3,72.3,No,-9.6,Low
STU0859,Edo,Public,Male,12,JSS2,2.6,High,Secondary,3,No,No,Yes,No,94.5,76.3,75.1,54.3,68.6,No,3.5,Low
STU0860,Delta,Public,Female,18,SS1,5.1,Low,Secondary,4,No,No,Yes,No,82.0,67.6,65.0,66.0,66.2,Yes,41.3,Medium
STU0861,Delta,Private,Female,14,SS1,5.1,Low,None,1,No,No,Yes,No,70.8,63.0,66.0,47.4,58.8,Yes,39.7,Medium
STU0862,Edo,Public,Male,12,JSS1,1.1,Middle,Secondary,1,No,No,Yes,No,81.9,54.1,60.6,58.9,57.9,No,13.5,Low
STU0863,Ogun,Public,Female,17,JSS3,0.8,Low,Secondary,3,No,Yes,Yes,No,83.4,79.6,71.3,63.5,71.5,Yes,39.6,Medium
STU0864,Benue,Public,Male,10,SS1,1.7,Middle,Primary,3,No,No,Yes,No,85.5,67.2,58.9,57.7,61.3,No,10.0,Low
STU0865,Kaduna,Private,Male,11,JSS2,2.2,Low,Secondary,2,Yes,No,Yes,No,68.6,51.1,46.3,44.2,47.2,No,71.3,High
STU0866,Sokoto,Public,Female,15,JSS3,6.5,Low,Secondary,0,No,Yes,Yes,No,81.9,50.3,71.9,66.1,62.8,No,31.0,Low
STU0867,Borno,Public,Male,10,SS2,3.4,High,Primary,1,No,No,Yes,No,88.7,54.4,44.2,61.5,53.4,No,30.6,Low
STU0868,Anambra,Public,Female,10,SS2,0.8,Low,Tertiary,7,No,No,Yes,No,83.8,74.6,83.9,77.7,78.7,Yes,15.6,Low
STU0869,Anambra,Public,Female,15,JSS3,10.0,Middle,None,4,No,No,Yes,No,82.0,48.1,49.4,62.2,53.2,Yes,15.4,Low
STU0870,Anambra,Public,Female,12,SS2,6.6,Low,Secondary,3,No,Yes,Yes,No,81.4,72.2,69.7,61.4,67.8,No,31.8,Low
STU0871,Kaduna,Public,Male,15,JSS3,3.8,Low,Tertiary,0,Yes,No,Yes,No,80.4,62.9,61.4,52.2,58.8,No,61.8,Medium
STU0872,Enugu,Public,Female,17,SS2,7.5,Low,Primary,7,No,No,No,No,72.0,29.4,34.7,31.1,31.7,No,73.6,High
STU0873,Anambra,Public,Male,13,JSS3,6.1,Middle,Tertiary,0,No,No,No,No,77.9,58.5,49.0,53.7,53.7,Yes,36.7,Medium
STU0874,Sokoto,Public,Female,16,SS3,1.4,Middle,Primary,3,No,No,No,No,85.1,46.4,46.8,31.7,41.6,Yes,40.1,Medium
STU0875,Lagos,Private,Male,14,SS2,4.1,Middle,Tertiary,7,No,No,No,No,89.7,52.8,44.8,56.2,51.3,Yes,47.1,Medium
STU0876,Plateau,Public,Female,10,JSS1,2.7,Middle,Primary,7,No,No,Yes,No,93.4,64.2,56.4,39.4,53.3,Yes,-4.8,Low
STU0877,Plateau,Public,Male,18,JSS1,2.2,Middle,Primary,7,No,No,Yes,No,86.6,55.8,45.9,67.6,56.4,No,8.8,Low
STU0878,Delta,Public,Male,17,JSS2,2.4,Low,Tertiary,4,No,No,Yes,No,81.6,77.2,79.3,76.5,77.7,No,26.0,Low
STU0879,Rivers,Public,Male,13,JSS2,0.7,Low,Primary,4,Yes,No,Yes,No,62.9,60.8,56.7,41.0,52.8,No,64.5,Medium
STU0880,Benue,Public,Male,17,SS2,21.2,Middle,Tertiary,5,No,No,No,No,65.2,53.0,40.4,56.0,49.8,Yes,70.2,High
STU0881,Kano,Private,Male,18,JSS1,4.5,Low,Tertiary,1,No,No,Yes,No,84.5,78.4,63.0,76.5,72.6,No,26.3,Low
STU0882,Oyo,Public,Male,18,SS2,0.9,Low,Tertiary,1,No,No,Yes,No,85.9,75.5,73.9,55.8,68.4,No,14.5,Low
STU0883,Enugu,Public,Female,12,JSS2,5.9,Low,Tertiary,5,Yes,No,Yes,No,60.7,58.3,55.2,62.4,58.6,No,86.2,High
STU0884,Plateau,Public,Male,15,SS3,7.2,Low,Primary,4,Yes,No,Yes,Yes,57.2,39.0,59.9,29.4,42.8,No,92.2,High
STU0885,Ogun,Public,Male,15,SS2,9.9,Low,Secondary,6,No,No,Yes,No,76.9,51.7,71.1,54.0,58.9,No,29.0,Low
STU0886,Kaduna,Private,Female,13,JSS2,6.4,Middle,None,6,No,No,Yes,No,84.1,58.0,52.4,74.8,61.7,No,19.7,Low
STU0887,Kano,Public,Male,12,JSS1,4.5,Low,None,1,Yes,No,No,Yes,50.7,21.4,0.0,26.4,15.9,No,126.5,High
STU0888,Oyo,Private,Male,13,SS1,1.4,Middle,Tertiary,6,No,No,Yes,Yes,73.7,72.6,48.8,49.5,57.0,No,39.8,Medium
STU0889,Katsina,Public,Female,10,SS3,1.8,Middle,Primary,1,No,No,Yes,No,90.1,67.1,42.2,69.3,59.5,No,0.1,Low
STU0890,Edo,Public,Female,11,SS3,2.3,Low,Tertiary,2,Yes,No,No,No,60.8,38.8,44.4,40.4,41.2,No,82.0,High
STU0891,Kaduna,Public,Male,18,JSS2,3.1,Low,None,3,Yes,Yes,Yes,No,75.2,34.8,45.9,36.0,38.9,No,70.2,High
STU0892,Oyo,Public,Female,13,SS3,1.8,Low,Primary,6,No,No,Yes,No,82.8,55.8,64.4,69.9,63.4,No,34.6,Low
STU0893,Lagos,Public,Female,16,JSS1,2.0,Middle,Secondary,6,No,No,Yes,Yes,80.1,68.2,63.4,54.5,62.0,No,36.4,Medium
STU0894,Kano,Private,Female,17,SS2,5.0,Low,Tertiary,3,No,No,Yes,No,76.8,73.4,59.1,69.3,67.3,No,36.8,Medium
STU0895,Katsina,Private,Male,16,JSS2,0.8,Low,Secondary,1,No,No,Yes,No,86.6,61.0,47.3,77.2,61.8,Yes,28.9,Low
STU0896,Katsina,Public,Female,11,SS3,1.2,Low,Tertiary,2,No,No,Yes,No,99.0,89.6,66.8,88.6,81.7,Yes,6.1,Low
STU0897,Delta,Private,Male,17,SS2,1.8,Low,Primary,0,No,No,Yes,No,69.2,52.7,67.1,50.6,56.8,No,48.0,Medium
STU0898,Lagos,Public,Male,10,SS1,2.7,Middle,Primary,7,No,No,Yes,No,89.5,55.2,63.4,64.2,60.9,No,7.0,Low
STU0899,Anambra,Public,Male,15,SS2,0.9,Low,Secondary,2,No,No,Yes,No,85.7,77.6,40.9,57.5,58.7,Yes,12.5,Low
STU0900,Benue,Public,Female,18,SS1,3.1,Low,Primary,6,Yes,No,No,No,61.9,47.3,20.4,46.8,38.2,No,88.4,High
STU0901,Rivers,Private,Female,15,JSS2,9.3,Low,Secondary,5,No,No,Yes,No,76.5,67.1,68.5,65.1,66.9,Yes,54.0,Medium
STU0902,Imo,Public,Male,10,SS3,1.1,Low,Tertiary,0,No,No,Yes,No,84.1,95.3,75.1,58.7,76.4,Yes,33.4,Low
STU0903,Anambra,Private,Female,12,SS3,4.0,Low,Primary,6,No,No,Yes,No,71.2,56.2,54.6,46.8,52.5,Yes,40.7,Medium
STU0904,Borno,Public,Male,16,SS2,2.8,Low,Tertiary,5,Yes,No,No,No,59.0,31.2,42.6,43.1,39.0,No,88.6,High
STU0905,Oyo,Public,Male,11,JSS1,4.9,Middle,Tertiary,7,No,No,Yes,No,80.9,66.3,68.5,65.4,66.7,No,21.4,Low
STU0906,Borno,Public,Male,13,JSS1,1.1,Low,Secondary,1,No,No,Yes,No,90.3,80.3,61.7,85.1,75.7,No,16.8,Low
STU0907,Kano,Private,Male,16,SS1,0.6,Middle,Primary,5,No,No,No,No,85.2,42.0,61.0,48.2,50.4,No,41.1,Medium
STU0908,Kano,Public,Female,12,SS1,4.5,Middle,Secondary,1,No,No,Yes,No,79.6,80.6,33.3,66.4,60.1,No,11.6,Low
STU0909,Ogun,Private,Female,11,SS3,9.7,High,Tertiary,6,No,No,Yes,No,76.9,62.0,74.5,68.7,68.4,Yes,27.7,Low
STU0910,Edo,Private,Female,13,JSS1,4.1,Low,Primary,6,Yes,No,No,No,71.9,35.6,51.7,34.7,40.7,Yes,86.7,High
STU0911,Plateau,Private,Male,15,SS2,5.3,Low,Primary,6,No,No,Yes,No,85.4,93.9,59.8,44.5,66.1,No,28.5,Low
STU0912,Kano,Public,Male,12,JSS2,4.2,Middle,Tertiary,1,No,No,Yes,No,78.4,73.9,67.3,50.4,63.9,No,13.0,Low
STU0913,Borno,Public,Female,15,SS3,7.9,Low,Secondary,3,No,No,Yes,No,77.5,54.6,52.1,50.8,52.5,Yes,43.1,Medium
STU0914,Lagos,Public,Male,13,SS1,6.8,Low,Secondary,7,No,No,Yes,No,65.7,64.8,60.6,68.8,64.7,Yes,31.8,Low
STU0915,Lagos,Public,Female,10,JSS3,1.3,Low,Secondary,5,No,No,Yes,No,82.0,69.4,65.5,65.5,66.8,No,30.9,Low
STU0916,Edo,Public,Female,11,JSS1,8.7,Middle,None,1,No,No,Yes,No,74.3,39.2,62.6,57.9,53.2,Yes,33.5,Low
STU0917,Benue,Public,Male,18,JSS2,0.6,High,Secondary,2,No,No,Yes,No,94.0,71.1,67.9,76.8,71.9,No,6.5,Low
STU0918,Anambra,Public,Female,11,SS1,0.8,Low,Secondary,1,Yes,No,No,No,63.6,46.2,56.0,31.9,44.7,Yes,86.0,High
STU0919,Anambra,Public,Female,14,SS1,3.9,Middle,Tertiary,0,No,No,Yes,No,83.0,65.9,49.3,61.6,58.9,No,18.5,Low
STU0920,Imo,Public,Female,13,SS2,1.3,Middle,Tertiary,7,Yes,Yes,No,No,75.5,61.0,43.0,56.6,53.5,No,52.8,Medium
STU0921,Lagos,Public,Female,12,JSS3,2.0,Low,Primary,2,Yes,No,Yes,No,61.2,42.2,49.8,39.5,43.8,No,71.7,High
STU0922,Sokoto,Private,Male,18,SS3,5.9,High,Secondary,3,No,No,No,No,70.0,46.0,44.4,62.1,50.8,No,51.6,Medium
STU0923,Plateau,Public,Female,17,SS1,3.6,Low,Secondary,2,Yes,No,Yes,No,71.8,44.7,57.5,50.6,50.9,Yes,69.6,High
STU0924,Katsina,Public,Female,14,JSS1,1.7,Low,Primary,1,No,No,No,No,81.8,52.6,57.1,45.3,51.7,Yes,44.9,Medium
STU0925,Katsina,Private,Female,10,SS3,7.5,Low,Tertiary,6,No,No,Yes,No,71.5,65.2,65.9,69.0,66.7,No,32.5,Low
STU0926,Oyo,Public,Female,15,JSS3,1.2,Middle,Secondary,5,No,No,No,No,94.2,46.1,69.4,28.5,48.0,Yes,30.5,Low
STU0927,Delta,Private,Male,15,SS3,13.8,Low,None,1,No,No,Yes,No,73.8,41.7,42.1,39.8,41.2,No,55.8,Medium
STU0928,Sokoto,Public,Male,18,SS2,0.6,High,Secondary,3,No,No,Yes,No,100.0,87.1,91.7,64.7,81.2,No,8.2,Low
STU0929,Lagos,Private,Male,13,SS2,3.2,Low,Tertiary,4,No,No,Yes,No,82.4,79.4,76.2,74.9,76.8,Yes,32.9,Low
STU0930,Rivers,Private,Male,12,SS1,10.0,Low,Tertiary,1,No,No,Yes,No,74.2,57.9,58.2,57.3,57.8,Yes,60.7,Medium
STU0931,Oyo,Private,Female,13,JSS2,2.1,Low,Secondary,2,No,No,Yes,No,72.3,64.4,61.5,43.9,56.6,Yes,38.7,Medium
STU0932,Kano,Public,Male,13,JSS3,2.2,Middle,Tertiary,5,No,No,No,No,93.1,82.1,69.0,68.7,73.3,No,22.9,Low
STU0933,Rivers,Public,Female,14,SS3,0.6,Low,None,5,No,No,No,No,75.5,53.3,45.1,51.4,49.9,No,52.0,Medium
STU0934,Oyo,Public,Female,18,SS3,3.5,Low,Primary,2,No,No,Yes,No,70.3,36.6,46.3,58.8,47.2,No,53.8,Medium
STU0935,Borno,Public,Male,15,SS3,1.3,High,Primary,1,Yes,No,Yes,No,77.9,30.1,47.1,38.1,38.4,Yes,45.8,Medium
STU0936,Imo,Private,Male,11,SS1,0.9,Low,Primary,6,Yes,No,No,No,67.5,34.4,27.2,27.2,29.6,Yes,93.6,High
STU0937,Imo,Private,Female,16,JSS3,9.5,Low,Secondary,1,Yes,No,Yes,No,67.5,55.5,64.8,47.3,55.9,No,60.7,Medium
STU0938,Katsina,Public,Male,16,SS3,3.1,Middle,Secondary,5,No,No,Yes,No,90.2,73.4,71.6,50.7,65.2,Yes,26.4,Low
STU0939,Kano,Private,Male,18,JSS3,5.4,High,Tertiary,0,No,No,Yes,No,92.2,85.6,71.1,66.8,74.5,No,14.3,Low
STU0940,Oyo,Public,Female,16,JSS2,1.2,Low,Primary,6,Yes,No,Yes,No,63.9,59.0,40.4,44.3,47.9,No,51.8,Medium
STU0941,Delta,Public,Female,17,SS3,1.5,Low,Tertiary,7,Yes,No,Yes,Yes,61.9,59.5,52.5,32.8,48.3,No,81.2,High
STU0942,Plateau,Public,Male,15,SS3,3.7,Low,Secondary,3,No,No,Yes,No,90.2,56.3,69.0,57.4,60.9,Yes,25.3,Low
STU0943,Delta,Public,Male,17,JSS2,4.3,Middle,Tertiary,0,No,No,Yes,No,92.7,85.1,66.5,80.2,77.3,No,4.1,Low
STU0944,Sokoto,Public,Female,16,JSS2,1.1,Middle,Secondary,0,No,No,No,No,97.4,58.9,75.7,49.6,61.4,Yes,7.9,Low
STU0945,Plateau,Private,Male,11,SS1,2.1,Middle,Primary,2,Yes,No,Yes,No,75.8,28.1,58.7,56.5,47.8,Yes,30.7,Low
STU0946,Lagos,Public,Female,16,JSS2,5.4,Middle,Primary,5,Yes,No,Yes,No,74.1,47.7,37.6,45.3,43.5,No,53.2,Medium
STU0947,Ogun,Private,Male,12,JSS2,1.7,Middle,Secondary,2,No,No,Yes,No,81.5,48.8,52.1,64.0,55.0,Yes,24.5,Low
STU0948,Katsina,Public,Female,11,JSS2,1.8,Middle,Secondary,5,Yes,Yes,No,No,72.8,45.0,49.1,46.9,47.0,No,52.6,Medium
STU0949,Rivers,Private,Male,17,JSS1,2.8,Middle,Secondary,7,Yes,No,Yes,No,78.7,56.8,57.7,43.2,52.6,Yes,44.7,Medium
STU0950,Kaduna,Public,Male,12,SS2,0.7,Low,Secondary,3,No,No,No,No,67.4,46.3,41.8,47.9,45.3,Yes,67.8,High
STU0951,Edo,Public,Male,13,SS3,3.9,Low,Secondary,6,No,No,No,No,84.6,29.3,55.5,36.0,40.3,No,46.9,Medium
STU0952,Ogun,Private,Male,18,JSS2,3.0,Middle,Secondary,3,No,No,Yes,No,100.0,57.0,77.3,76.3,70.2,No,-9.6,Low
STU0953,Delta,Public,Male,11,JSS1,0.7,Low,Secondary,3,No,No,Yes,No,97.6,71.3,61.8,44.4,59.2,No,12.2,Low
STU0954,Katsina,Public,Female,15,SS3,2.9,Middle,Secondary,0,No,No,Yes,No,91.7,58.8,45.3,82.9,62.3,No,29.9,Low
STU0955,Borno,Public,Female,13,JSS3,0.6,Low,Tertiary,2,No,No,No,No,73.8,59.5,71.2,53.5,61.4,Yes,42.1,Medium
STU0956,Rivers,Private,Female,14,SS2,3.4,Low,Secondary,2,No,No,Yes,No,91.8,93.6,66.2,77.1,79.0,No,16.2,Low
STU0957,Borno,Public,Male,11,JSS1,5.2,Middle,Primary,0,No,No,Yes,Yes,86.0,52.9,73.0,49.2,58.4,Yes,37.0,Medium
STU0958,Borno,Public,Female,15,SS2,2.8,High,Tertiary,7,No,No,Yes,No,80.2,68.3,56.2,51.6,58.7,No,29.3,Low
STU0959,Katsina,Public,Female,11,JSS2,1.1,Low,Secondary,5,Yes,No,No,Yes,53.4,51.4,41.4,21.2,38.0,No,104.3,High
STU0960,Ogun,Public,Female,11,SS1,0.9,Low,Tertiary,0,No,No,Yes,No,78.6,83.9,97.9,64.0,81.9,No,30.4,Low
STU0961,Imo,Public,Female,14,SS1,3.9,Middle,None,4,No,No,Yes,No,88.3,59.0,42.2,55.1,52.1,Yes,21.5,Low
STU0962,Enugu,Public,Male,10,SS3,5.9,Middle,Tertiary,0,Yes,No,No,No,69.9,52.9,37.9,35.7,42.2,Yes,72.4,High
STU0963,Anambra,Private,Male,13,JSS3,1.9,Low,Primary,2,Yes,No,Yes,No,64.5,44.5,47.2,23.1,38.3,No,67.2,High
STU0964,Edo,Public,Male,12,JSS1,2.0,Middle,Primary,3,No,No,Yes,No,92.6,58.7,60.5,69.4,62.9,Yes,11.9,Low
STU0965,Edo,Private,Female,10,SS1,5.2,Low,Primary,3,No,No,Yes,No,69.0,41.2,60.7,60.5,54.1,No,48.6,Medium
STU0966,Benue,Public,Female,16,SS1,4.8,Low,Tertiary,0,Yes,No,Yes,No,74.8,55.8,68.7,41.8,55.4,No,62.4,Medium
STU0967,Delta,Public,Female,12,JSS3,0.9,Low,Primary,6,Yes,No,Yes,No,71.2,47.0,50.7,34.8,44.2,No,67.1,High
STU0968,Delta,Private,Female,11,SS3,1.3,High,Secondary,1,No,No,No,No,78.8,36.1,43.0,50.8,43.3,No,37.8,Medium
STU0969,Sokoto,Public,Male,13,JSS3,4.9,Low,None,5,No,No,Yes,No,77.8,69.5,38.3,47.8,51.9,No,35.1,Medium
STU0970,Edo,Private,Female,11,SS3,0.5,High,Tertiary,2,No,No,Yes,No,90.7,66.1,95.3,89.7,83.7,No,12.5,Low
STU0971,Oyo,Private,Male,12,JSS2,4.6,High,Primary,1,No,No,Yes,No,93.2,78.4,53.5,51.7,61.2,No,-3.6,Low
STU0972,Benue,Private,Male,15,JSS1,1.9,High,Secondary,0,No,No,No,No,84.0,59.6,45.5,29.2,44.8,Yes,38.9,Medium
STU0973,Edo,Public,Female,15,JSS3,2.3,Low,Tertiary,5,No,No,Yes,No,76.4,60.5,60.8,84.0,68.4,No,27.2,Low
STU0974,Sokoto,Private,Male,16,JSS2,1.0,Low,Secondary,7,No,No,Yes,No,89.1,73.2,77.4,70.3,73.6,No,20.3,Low
STU0975,Katsina,Public,Female,15,SS2,4.9,Middle,Tertiary,6,No,No,Yes,No,82.1,71.0,78.1,65.5,71.5,No,23.6,Low
STU0976,Kano,Public,Female,16,SS2,2.9,Low,None,3,No,No,Yes,No,80.7,48.4,54.8,54.8,52.7,Yes,49.2,Medium
STU0977,Katsina,Public,Male,17,JSS1,1.1,Middle,Secondary,6,Yes,No,Yes,No,77.6,49.0,39.0,67.4,51.8,No,49.6,Medium
STU0978,Anambra,Private,Female,11,SS2,0.5,Middle,Secondary,2,No,No,Yes,No,97.9,71.3,76.2,73.2,73.6,No,-5.9,Low
STU0979,Rivers,Public,Female,10,SS1,1.7,Low,Tertiary,2,Yes,No,Yes,No,71.6,62.6,58.6,68.7,63.3,No,55.8,Medium
STU0980,Edo,Public,Female,11,JSS1,11.0,Low,Tertiary,5,No,No,Yes,No,77.7,63.3,79.7,71.2,71.4,No,37.6,Medium
STU0981,Anambra,Public,Female,17,SS3,5.3,Low,Tertiary,4,No,No,Yes,No,88.2,77.7,77.7,59.9,71.8,No,27.6,Low
STU0982,Kaduna,Private,Male,10,JSS1,4.5,Low,Secondary,5,Yes,No,No,No,69.6,38.5,56.8,52.9,49.4,No,69.6,High
STU0983,Sokoto,Public,Male,14,SS2,2.9,Low,Primary,7,No,No,Yes,No,76.6,59.3,47.9,37.2,48.1,Yes,36.0,Medium
STU0984,Rivers,Private,Female,11,JSS2,9.1,Low,Primary,5,No,Yes,Yes,No,75.1,64.7,33.7,62.5,53.6,No,34.9,Low
STU0985,Borno,Public,Male,10,JSS3,0.6,Low,None,7,No,No,No,No,86.0,36.5,42.0,42.6,40.4,Yes,39.3,Medium
STU0986,Kano,Public,Female,14,SS2,1.8,Low,Primary,7,Yes,Yes,No,No,73.2,58.6,37.7,52.5,49.6,No,78.0,High
STU0987,Plateau,Public,Female,17,JSS3,2.5,Low,None,5,Yes,No,No,No,74.3,24.2,42.7,30.2,32.4,Yes,75.3,High
STU0988,Lagos,Public,Female,16,SS1,1.1,Low,Secondary,0,Yes,No,Yes,No,69.8,61.8,64.7,61.9,62.8,No,52.1,Medium
STU0989,Borno,Public,Male,18,JSS1,5.0,Low,Secondary,3,Yes,No,Yes,No,63.8,58.9,41.8,46.0,48.9,No,64.2,Medium
STU0990,Kaduna,Public,Male,11,SS2,2.0,Low,None,4,Yes,No,Yes,No,69.4,47.1,37.4,33.5,39.3,Yes,66.6,High
STU0991,Edo,Private,Male,16,JSS1,6.4,Middle,Tertiary,1,Yes,No,Yes,No,70.4,80.4,55.0,50.3,61.9,No,40.5,Medium
STU0992,Lagos,Public,Male,14,SS2,4.3,Low,Secondary,3,No,No,Yes,No,70.3,75.9,60.1,77.1,71.0,Yes,43.7,Medium
STU0993,Kano,Public,Female,10,SS1,1.3,Low,None,0,No,Yes,No,No,65.8,34.6,54.3,39.3,42.7,No,67.2,High
STU0994,Benue,Private,Female,15,JSS3,3.2,Low,None,1,No,No,Yes,No,77.6,51.9,63.3,46.1,53.8,No,32.7,Low
STU0995,Edo,Public,Male,17,JSS1,1.2,Low,Secondary,3,Yes,No,Yes,No,68.3,68.8,55.7,47.0,57.2,No,52.4,Medium
STU0996,Sokoto,Public,Male,18,SS2,2.5,Middle,Secondary,7,No,No,No,Yes,82.7,44.7,57.3,40.5,47.5,Yes,41.7,Medium
STU0997,Plateau,Public,Male,10,SS1,1.1,Low,Primary,5,No,No,Yes,Yes,87.0,71.0,58.4,47.0,58.8,Yes,30.6,Low
STU0998,Anambra,Public,Male,15,SS3,0.5,Middle,Secondary,5,No,Yes,Yes,No,100.0,72.4,58.7,75.2,68.8,Yes,-6.9,Low
STU0999,Oyo,Public,Female,17,SS3,15.5,Middle,Secondary,3,No,No,Yes,No,70.7,58.3,62.3,69.2,63.3,Yes,36.8,Medium
STU1000,Lagos,Private,Female,15,SS2,5.6,Low,Primary,1,Yes,No,Yes,No,75.0,65.2,32.7,33.7,43.9,Yes,53.3,Medium
